brand,model,year,median_price,count
AUDI,A4,1998.0,68000.0,1
AUDI,A4,2020.0,1690000.0,1
AUDI,A5,2019.0,1190000.0,1
AUDI,A5,2020.0,1398000.0,1
AUDI,Q5,2012.0,438000.0,1
AUDI,Q7,2017.0,1599000.0,1
AUDI,RS4,2015.0,4350000.0,1
AUDI,TT,2016.0,12990000.0,1
AUDI,TT,2022.0,2190000.0,1
AUDI,TT,2023.0,3790000.0,1
AUDI,UNKNOWN,2010.0,389000.0,1
BENTLEY,FLYING SPUR,2022.0,11890000.0,1
BENZ,A-CLASS,2015.0,477000.0,1
BENZ,A-CLASS,2020.0,999000.0,1
BENZ,A-CLASS,2022.0,1390000.0,1
BENZ,A-CLASS,2023.0,1590000.0,1
BENZ,B-CLASS,2009.0,399000.0,1
BENZ,B-CLASS,2013.0,599000.0,1
BENZ,C-CLASS,2006.0,229000.0,1
BENZ,C-CLASS,2007.0,199000.0,1
BENZ,C-CLASS,2011.0,328000.0,2
BENZ,C-CLASS,2012.0,339000.0,1
BENZ,C-CLASS,2013.0,449000.0,4
BENZ,C-CLASS,2015.0,789000.0,1
BENZ,C-CLASS,2016.0,628000.0,3
BENZ,C-CLASS,2017.0,927000.0,4
BENZ,C-CLASS,2018.0,724500.0,2
BENZ,C-CLASS,2019.0,1425000.0,3
BENZ,C-CLASS,2020.0,1590000.0,3
BENZ,C-CLASS,2021.0,1370000.0,2
BENZ,C-CLASS,2023.0,1990000.0,1
BENZ,CLA-CLASS,2017.0,744500.0,2
BENZ,CLS-CLASS,2013.0,729000.0,2
BENZ,CLS-CLASS,2016.0,1488000.0,1
BENZ,CLS-CLASS,2022.0,3500000.0,1
BENZ,E-CLASS,1999.0,135000.0,1
BENZ,E-CLASS,2005.0,260000.0,2
BENZ,E-CLASS,2006.0,349000.0,1
BENZ,E-CLASS,2008.0,278000.0,1
BENZ,E-CLASS,2010.0,584000.0,4
BENZ,E-CLASS,2011.0,629000.0,5
BENZ,E-CLASS,2012.0,689000.0,3
BENZ,E-CLASS,2013.0,558000.0,1
BENZ,E-CLASS,2014.0,769000.0,5
BENZ,E-CLASS,2015.0,549000.0,3
BENZ,E-CLASS,2016.0,749000.0,2
BENZ,E-CLASS,2017.0,962000.0,2
BENZ,E-CLASS,2018.0,990000.0,3
BENZ,E-CLASS,2019.0,899000.0,1
BENZ,E-CLASS,2020.0,1190000.0,2
BENZ,E-CLASS,2021.0,1590000.0,1
BENZ,E-CLASS,2024.0,2299000.0,1
BENZ,EQS-CLASS,2023.0,3240000.0,2
BENZ,GLA-CLASS,2014.0,575000.0,1
BENZ,GLA-CLASS,2015.0,548000.0,1
BENZ,GLA-CLASS,2018.0,859000.0,2
BENZ,GLA-CLASS,2019.0,859000.0,2
BENZ,GLA-CLASS,2020.0,839000.0,2
BENZ,GLA-CLASS,2021.0,685000.0,2
BENZ,GLC-CLASS,2019.0,1550000.0,3
BENZ,GLC-CLASS,2022.0,2090000.0,1
BENZ,GLC-CLASS,2024.0,2990000.0,1
BENZ,GLE-CLASS,2022.0,2398000.0,2
BENZ,ML-CLASS,2004.0,329000.0,1
BENZ,S-CLASS,1997.0,188000.0,1
BENZ,S-CLASS,2007.0,677000.0,2
BENZ,S-CLASS,2014.0,890000.0,1
BENZ,S-CLASS,2015.0,1299000.0,1
BENZ,S-CLASS,2018.0,1790000.0,1
BENZ,S-CLASS,2024.0,9290000.0,1
BENZ,S-CLASS,2025.0,9290000.0,1
BENZ,SLK-CLASS,2008.0,728000.0,1
BENZ,SPRINTER,2017.0,2090000.0,2
BENZ,VITO,2007.0,359000.0,1
BENZ,VITO,2024.0,2590000.0,1
BMW,116 I,2013.0,337500.0,1
BMW,116 I,2014.0,355500.0,3
BMW,116 I,2015.0,381250.0,2
BMW,118 I,2015.0,431250.0,2
BMW,118 I,2016.0,461000.0,2
BMW,118 I,2017.0,493500.0,1
BMW,118 I,2018.0,558250.0,2
BMW,118 I,2019.0,623500.0,1
BMW,118 I,2020.0,827000.0,1
BMW,120D,2009.0,428500.0,1
BMW,120D,2010.0,448500.0,1
BMW,218 I,2015.0,381250.0,2
BMW,218 I,2016.0,418250.0,2
BMW,218 I,2017.0,447750.0,2
BMW,218 I,2020.0,859500.0,1
BMW,218CI,2015.0,533500.0,1
BMW,218CI,2016.0,604000.0,1
BMW,218CI,2017.0,673500.0,1
BMW,218I,2018.0,4590000.0,1
BMW,220 I,2014.0,633750.0,2
BMW,220 I,2015.0,711750.0,2
BMW,220 I,2020.0,924500.0,1
BMW,220 I,2021.0,1007000.0,2
BMW,220 I,2022.0,1088500.0,2
BMW,220I,2022.0,10990000.0,1
BMW,225 I,2014.0,633750.0,2
BMW,225 I,2015.0,711750.0,2
BMW,225 I,2020.0,924500.0,1
BMW,225 I,2021.0,1007000.0,2
BMW,225 I,2022.0,1088500.0,2
BMW,318 I,2007.0,285000.0,1
BMW,318 I,2008.0,291250.0,2
BMW,318 I,2009.0,222750.0,2
BMW,318 I,2010.0,210000.0,1
BMW,318 I,2011.0,254000.0,1
BMW,318 I,2012.0,264500.0,1
BMW,320 D,2015.0,565000.0,5
BMW,320 D,2016.0,653500.0,5
BMW,320 D,2017.0,755500.0,5
BMW,320 D,2018.0,824000.0,5
BMW,320 D,2019.0,902500.0,5
BMW,320 D,2020.0,1031500.0,5
BMW,320 D,2021.0,1167750.0,2
BMW,320 D,2022.0,1270500.0,1
BMW,320 I,2010.0,246500.0,1
BMW,320 I,2011.0,267000.0,1
BMW,320 I,2012.0,350500.0,4
BMW,320 I,2013.0,370500.0,3
BMW,320 I,2014.0,410500.0,3
BMW,320 I,2015.0,452000.0,5
BMW,320 I,2016.0,501500.0,3
BMW,320 I,2017.0,535000.0,2
BMW,320CI,2008.0,832250.0,2
BMW,320CI,2009.0,735250.0,2
BMW,320CI,2010.0,588000.0,2
BMW,320CI,2011.0,661500.0,2
BMW,320CI,2012.0,734250.0,2
BMW,320CI,2013.0,846250.0,2
BMW,320D,2017.0,9990000.0,1
BMW,320D,2018.0,8640000.0,2
BMW,320LI,2021.0,1156000.0,1
BMW,320LI,2022.0,1303500.0,1
BMW,325 D,2014.0,603000.0,1
BMW,325 D,2015.0,653000.0,1
BMW,325 I,2007.0,315500.0,1
BMW,325 I,2008.0,328000.0,1
BMW,325 I,2010.0,327000.0,1
BMW,325 I,2011.0,357500.0,1
BMW,325 I,2012.0,387000.0,1
BMW,325CI,2007.0,850500.0,2
BMW,325CI,2008.0,858250.0,4
BMW,325CI,2009.0,744000.0,3
BMW,325CI,2010.0,674500.0,3
BMW,325CI,2011.0,770500.0,2
BMW,325CI,2012.0,813750.0,2
BMW,328 I,2012.0,408500.0,1
BMW,328 I,2013.0,447000.0,1
BMW,328 I,2014.0,488500.0,1
BMW,328 I,2015.0,526500.0,1
BMW,330 E,2016.0,588500.0,2
BMW,330 E,2017.0,586250.0,4
BMW,330 E,2018.0,598500.0,4
BMW,330 E,2019.0,638750.0,2
BMW,330 E,2020.0,1110500.0,1
BMW,330 E,2021.0,1119000.0,3
BMW,330 E,2022.0,1170250.0,2
BMW,330 I,2007.0,437500.0,2
BMW,330 I,2008.0,443500.0,2
BMW,330 I,2015.0,663500.0,1
BMW,330 I,2016.0,723000.0,1
BMW,330 I,2019.0,1143500.0,1
BMW,330 I,2020.0,1259000.0,1
BMW,330I,2019.0,960000.0,1
BMW,330LI,2021.0,1198000.0,1
BMW,330LI,2022.0,1327000.0,1
BMW,335CI,2007.0,1219500.0,1
BMW,335CI,2008.0,1198000.0,1
BMW,335CI,2009.0,975000.0,1
BMW,335CI,2010.0,930500.0,1
BMW,340 I,2007.0,1219500.0,1
BMW,340 I,2008.0,1198000.0,1
BMW,340 I,2009.0,975000.0,1
BMW,340 I,2010.0,930500.0,1
BMW,420CI,2014.0,897000.0,5
BMW,420CI,2015.0,1063500.0,5
BMW,420CI,2016.0,1170500.0,5
BMW,420D,2013.0,812500.0,2
BMW,420D,2014.0,974000.0,5
BMW,420D,2015.0,1045000.0,5
BMW,420D,2016.0,1102000.0,5
BMW,420D,2017.0,1164000.0,3
BMW,420I,2014.0,9900000.0,1
BMW,428I,2014.0,1010000.0,1
BMW,428I,2015.0,1049500.0,1
BMW,428I,2016.0,1170500.0,1
BMW,430 I,2017.0,1226000.0,4
BMW,430 I,2018.0,1313000.0,4
BMW,430 I,2019.0,1446500.0,4
BMW,430 I,2020.0,1589000.0,5
BMW,430 I,2021.0,1855000.0,1
BMW,430 I,2022.0,2176750.0,2
BMW,430I,2018.0,12990000.0,1
BMW,520 D,2015.0,662000.0,2
BMW,520 D,2016.0,698250.0,2
BMW,520 D,2017.0,881750.0,4
BMW,520 D,2018.0,1004000.0,3
BMW,520 D,2019.0,1074000.0,1
BMW,520 D,2020.0,1120000.0,1
BMW,520 D,2021.0,1743500.0,2
BMW,520 D,2022.0,1915250.0,2
BMW,520 I,2012.0,524500.0,2
BMW,520 I,2013.0,470500.0,1
BMW,520 I,2014.0,514000.0,2
BMW,520 I,2015.0,553500.0,1
BMW,520 I,2016.0,599500.0,1
BMW,520D,2012.0,9900000.0,1
BMW,520D,2016.0,7145000.0,2
BMW,520D,2017.0,8990000.0,1
BMW,523 I,2007.0,358750.0,2
BMW,523 I,2008.0,364500.0,1
BMW,523 I,2009.0,294500.0,1
BMW,523 I,2010.0,326000.0,3
BMW,523 I,2011.0,362500.0,2
BMW,523 I,2012.0,396250.0,2
BMW,525 D,2010.0,393000.0,1
BMW,525 D,2011.0,426000.0,1
BMW,525 D,2012.0,453250.0,2
BMW,525 D,2013.0,488500.0,1
BMW,525 D,2014.0,512500.0,3
BMW,525 D,2015.0,503250.0,2
BMW,525 D,2016.0,661500.0,3
BMW,525 D,2017.0,732750.0,2
BMW,525 I,2007.0,405000.0,2
BMW,525 I,2008.0,426250.0,2
BMW,525 I,2009.0,364250.0,2
BMW,525 I,2010.0,303000.0,2
BMW,528 I,2012.0,445750.0,2
BMW,528 I,2013.0,473500.0,2
BMW,528 I,2014.0,592000.0,4
BMW,528 I,2015.0,673000.0,2
BMW,528 I,2016.0,686000.0,2
BMW,528 I,2017.0,728000.0,2
BMW,530 D,2010.0,757000.0,1
BMW,530 D,2011.0,828500.0,1
BMW,530 D,2012.0,894500.0,1
BMW,530 E,2017.0,831250.0,2
BMW,530 E,2018.0,829000.0,3
BMW,530 E,2019.0,870000.0,3
BMW,530 E,2020.0,911000.0,3
BMW,530 E,2021.0,1296000.0,4
BMW,530 E,2022.0,1476250.0,2
BMW,530 I,2007.0,467500.0,1
BMW,530 I,2017.0,1026500.0,1
BMW,530 I,2018.0,1333750.0,2
BMW,530 I,2019.0,1574000.0,1
BMW,530 I,2020.0,1747000.0,1
BMW,530E,2021.0,9590000.0,1
BMW,530I,2019.0,772000.0,2
BMW,535 I,2010.0,625000.0,1
BMW,535 I,2011.0,703500.0,1
BMW,535 I,2012.0,796000.0,1
BMW,630 D,2017.0,1297000.0,1
BMW,630 D,2018.0,1363500.0,1
BMW,630 D,2019.0,1481500.0,1
BMW,630 D,2020.0,1672500.0,1
BMW,630CI,2007.0,1276000.0,1
BMW,630CI,2008.0,1369500.0,1
BMW,630CI,2009.0,1010500.0,1
BMW,630CI,2010.0,841500.0,1
BMW,630CI,2011.0,940000.0,1
BMW,630CI,2012.0,1006500.0,1
BMW,630I,2020.0,1593500.0,1
BMW,630I,2021.0,1748000.0,2
BMW,630I,2022.0,1990000.0,1
BMW,640CI,2011.0,1172000.0,1
BMW,640CI,2012.0,1311000.0,3
BMW,640CI,2013.0,1424000.0,3
BMW,640CI,2014.0,1524000.0,3
BMW,640CI,2015.0,1612500.0,3
BMW,650CI,2007.0,1679500.0,1
BMW,650CI,2008.0,1738750.0,2
BMW,650CI,2009.0,1374000.0,2
BMW,650CI,2010.0,1455000.0,2
BMW,650CI,2011.0,1558500.0,2
BMW,650CI,2012.0,1667500.0,2
BMW,730 LD,2015.0,732500.0,2
BMW,730 LD,2016.0,1207000.0,1
BMW,730 LD,2017.0,1301750.0,2
BMW,730 LD,2018.0,1460500.0,2
BMW,730 LD,2019.0,1655000.0,2
BMW,730 LD,2020.0,1844500.0,3
BMW,730 LD,2021.0,2116000.0,1
BMW,730 LD,2022.0,2307500.0,1
BMW,730 LI,2008.0,449250.0,2
BMW,730 LI,2009.0,398500.0,2
BMW,730 LI,2010.0,492500.0,1
BMW,730 LI,2011.0,571000.0,1
BMW,730 LI,2012.0,621500.0,1
BMW,730 LI,2013.0,691500.0,1
BMW,730 LI,2014.0,784500.0,1
BMW,730 LI,2015.0,841000.0,1
BMW,730LD,2011.0,8500000.0,1
BMW,730LI,2003.0,2490000.0,1
BMW,740 LI,2011.0,496000.0,1
BMW,740 LI,2012.0,544000.0,1
BMW,740 LI,2013.0,607000.0,1
BMW,740 LI,2014.0,632500.0,1
BMW,740 LI,2015.0,864750.0,2
BMW,740 LI,2016.0,1079500.0,1
BMW,740 LI,2017.0,1375250.0,2
BMW,740 LI,2018.0,1635750.0,2
BMW,740LE,2017.0,1116000.0,2
BMW,740LE,2018.0,1179000.0,3
BMW,740LE,2019.0,1402500.0,3
BMW,740LE,2020.0,1538000.0,2
BMW,745LE,2020.0,2355500.0,1
BMW,745LE,2021.0,2447000.0,1
BMW,745LE,2022.0,2732500.0,1
BMW,750 LI,2007.0,802500.0,1
BMW,750 LI,2008.0,818500.0,1
BMW,750 LI,2009.0,1249500.0,1
BMW,750 LI,2010.0,1197000.0,1
BMW,750 LI,2011.0,1270500.0,1
BMW,750 LI,2012.0,1347000.0,1
BMW,760LI,2007.0,909500.0,1
BMW,760LI,2008.0,975000.0,1
BMW,ACTIVE HYBRID 5,2012.0,639500.0,1
BMW,ACTIVE HYBRID 5,2013.0,648500.0,1
BMW,ACTIVE HYBRID 5,2014.0,679500.0,1
BMW,ACTIVE HYBRID 5,2015.0,754500.0,1
BMW,ACTIVEHYBRID 3,2013.0,549500.0,1
BMW,ACTIVEHYBRID 3,2014.0,596000.0,1
BMW,ACTIVEHYBRID 3,2015.0,641000.0,1
BMW,ACTIVEHYBRID 7L,2013.0,794500.0,1
BMW,ACTIVEHYBRID 7L,2014.0,834000.0,1
BMW,ACTIVEHYBRID 7L,2015.0,900000.0,1
BMW,F 850 GS,2013.0,794500.0,1
BMW,F 850 GS,2014.0,834000.0,1
BMW,F 850 GS,2015.0,900000.0,1
BMW,SERIES 1,2015.0,469000.0,1
BMW,SERIES 1,2017.0,678000.0,1
BMW,SERIES 2,2021.0,990000.0,3
BMW,SERIES 3,1991.0,99000.0,1
BMW,SERIES 3,2012.0,522000.0,2
BMW,SERIES 3,2014.0,599000.0,1
BMW,SERIES 3,2015.0,659000.0,1
BMW,SERIES 3,2017.0,837000.0,2
BMW,SERIES 3,2019.0,859000.0,1
BMW,SERIES 3,2020.0,1235000.0,4
BMW,SERIES 3,2021.0,1359000.0,3
BMW,SERIES 3,2022.0,1690000.0,1
BMW,SERIES 3,2023.0,2150000.0,3
BMW,SERIES 3,2024.0,2070000.0,3
BMW,SERIES 4,2014.0,998000.0,1
BMW,SERIES 4,2015.0,1688000.0,1
BMW,SERIES 4,2016.0,1090000.0,1
BMW,SERIES 4,2024.0,3150000.0,1
BMW,SERIES 5,2001.0,179000.0,1
BMW,SERIES 5,2012.0,1204500.0,2
BMW,SERIES 5,2013.0,588000.0,1
BMW,SERIES 5,2015.0,799000.0,3
BMW,SERIES 5,2018.0,1099000.0,2
BMW,SERIES 5,2019.0,1149500.0,2
BMW,SERIES 5,2020.0,1328500.0,2
BMW,SERIES 5,2021.0,1624000.0,2
BMW,SERIES 5,2024.0,2990000.0,1
BMW,SERIES 6,2022.0,1890000.0,1
BMW,SERIES 7,2016.0,1450000.0,1
BMW,SERIES 7,2017.0,1699000.0,1
BMW,SERIES 7,2022.0,3150000.0,1
BMW,SERIES 7,2024.0,5128000.0,1
BMW,X1,2012.0,319000.0,1
BMW,X1,2014.0,359000.0,1
BMW,X1,2015.0,3745000.0,2
BMW,X1,2016.0,3990000.0,1
BMW,X1,2018.0,7550000.0,3
BMW,X1,2019.0,7840000.0,4
BMW,X1,2020.0,869000.0,2
BMW,X1,2021.0,7280000.0,5
BMW,X1,2022.0,8590000.0,3
BMW,X3,2006.0,188000.0,1
BMW,X3,2012.0,419000.0,1
BMW,X3,2019.0,1280000.0,3
BMW,X3,2020.0,1665000.0,2
BMW,X3,2022.0,1994500.0,2
BMW,X4,2018.0,1029000.0,1
BMW,X5,2010.0,599000.0,1
BMW,X5,2015.0,8490000.0,3
BMW,X5,2017.0,994500.0,2
BMW,X5,2020.0,2290000.0,1
BMW,X5,2021.0,2620000.0,2
BMW,X5,2022.0,2850000.0,1
BMW,X6,2012.0,5090000.0,2
BMW,X6,2013.0,1198000.0,1
BMW,X6,2022.0,3690000.0,1
BMW,X7,2024.0,5190000.0,1
BMW,Z4,2009.0,990000.0,1
BMW,Z4,2010.0,1099000.0,1
BYD,DOLPHIN,2023.0,449000.0,1
CHEVROLET,AVEO,2007.0,40000.0,5
CHEVROLET,AVEO,2008.0,45000.0,5
CHEVROLET,AVEO,2009.0,54000.0,5
CHEVROLET,AVEO,2010.0,72000.0,5
CHEVROLET,AVEO,2011.0,74500.0,5
CHEVROLET,AVEO,2012.0,84500.0,5
CHEVROLET,AVEO,2013.0,99500.0,3
CHEVROLET,CAPTIVA,2010.0,193500.0,5
CHEVROLET,CAPTIVA,2011.0,225250.0,6
CHEVROLET,CAPTIVA,2012.0,231000.0,7
CHEVROLET,CAPTIVA,2013.0,251250.0,6
CHEVROLET,CAPTIVA,2014.0,280000.0,5
CHEVROLET,CAPTIVA,2015.0,321500.0,5
CHEVROLET,CAPTIVA,2016.0,383000.0,5
CHEVROLET,CAPTIVA,2017.0,390000.0,6
CHEVROLET,CAPTIVA,2018.0,454750.0,4
CHEVROLET,CAPTIVA,2019.0,357250.0,4
CHEVROLET,CAPTIVA,2020.0,369000.0,4
CHEVROLET,COLORADO,2010.0,198500.0,7
CHEVROLET,COLORADO,2011.0,197500.0,7
CHEVROLET,COLORADO,2012.0,222000.0,7
CHEVROLET,COLORADO,2013.0,238500.0,7
CHEVROLET,COLORADO,2014.0,257000.0,7
CHEVROLET,COLORADO,2015.0,279000.0,7
CHEVROLET,COLORADO,2016.0,265000.0,7
CHEVROLET,COLORADO,2017.0,334000.0,7
CHEVROLET,COLORADO,2018.0,380000.0,7
CHEVROLET,COLORADO,2019.0,361250.0,8
CHEVROLET,COLORADO,2020.0,366500.0,7
CHEVROLET,CRUZE,2010.0,112500.0,5
CHEVROLET,CRUZE,2011.0,120000.0,6
CHEVROLET,CRUZE,2012.0,134000.0,5
CHEVROLET,CRUZE,2013.0,158500.0,5
CHEVROLET,CRUZE,2014.0,179500.0,5
CHEVROLET,CRUZE,2015.0,210000.0,5
CHEVROLET,CRUZE,2016.0,227000.0,5
CHEVROLET,CRUZE,2017.0,274250.0,2
CHEVROLET,LUMINA,2007.0,158000.0,3
CHEVROLET,OPTRA,2007.0,74500.0,5
CHEVROLET,OPTRA,2008.0,84000.0,6
CHEVROLET,OPTRA,2009.0,99500.0,5
CHEVROLET,OPTRA,2010.0,109000.0,5
CHEVROLET,SONIC,2012.0,91500.0,5
CHEVROLET,SONIC,2013.0,103000.0,5
CHEVROLET,SONIC,2014.0,127500.0,6
CHEVROLET,SONIC,2015.0,127000.0,5
CHEVROLET,SPIN,2013.0,176000.0,1
CHEVROLET,SPIN,2014.0,187000.0,1
CHEVROLET,SPIN,2015.0,217500.0,1
CHEVROLET,TRAILBLAZER,2012.0,334000.0,5
CHEVROLET,TRAILBLAZER,2013.0,374000.0,5
CHEVROLET,TRAILBLAZER,2014.0,403000.0,5
CHEVROLET,TRAILBLAZER,2015.0,394000.0,5
CHEVROLET,TRAILBLAZER,2016.0,435500.0,5
CHEVROLET,TRAILBLAZER,2017.0,512000.0,5
CHEVROLET,TRAILBLAZER,2018.0,546500.0,5
CHEVROLET,TRAILBLAZER,2019.0,612500.0,5
CHEVROLET,TRAILBLAZER,2020.0,672250.0,4
FERRARI,296 GTB,2022.0,14557000.0,1
FERRARI,458 ITALIA,2010.0,8816000.0,1
FERRARI,458 ITALIA,2011.0,9071000.0,1
FERRARI,458 ITALIA,2012.0,9998000.0,1
FERRARI,458 ITALIA,2013.0,10877000.0,1
FERRARI,458 ITALIA,2014.0,11924000.0,1
FERRARI,458 ITALIA,2015.0,12676500.0,1
FERRARI,458 SPECIALE,2013.0,12603000.0,1
FERRARI,458 SPECIALE,2014.0,13574500.0,1
FERRARI,458 SPECIALE,2015.0,14420000.0,1
FERRARI,488 GTB,2015.0,12404000.0,1
FERRARI,488 GTB,2016.0,12838500.0,1
FERRARI,488 GTB,2017.0,13965500.0,1
FERRARI,488 GTB,2018.0,14304000.0,1
FERRARI,488 GTB,2019.0,14746500.0,1
FERRARI,CALIFORNIA,2010.0,7776000.0,1
FERRARI,CALIFORNIA,2011.0,8008000.0,1
FERRARI,CALIFORNIA,2012.0,8833000.0,1
FERRARI,CALIFORNIA,2013.0,9600500.0,1
FERRARI,CALIFORNIA,2014.0,10454000.0,1
FERRARI,CALIFORNIA,2015.0,11115000.0,1
FERRARI,CALIFORNIA T,2014.0,10327500.0,1
FERRARI,CALIFORNIA T,2015.0,10960500.0,1
FERRARI,CALIFORNIA T,2016.0,11250000.0,1
FERRARI,CALIFORNIA T,2017.0,11468500.0,1
FERRARI,CALIFORNIA T,2018.0,12137000.0,1
FERRARI,F12 BERLINETTA,2013.0,13169500.0,1
FERRARI,F12 BERLINETTA,2014.0,14332500.0,1
FERRARI,F430,2007.0,8616500.0,2
FERRARI,F430,2008.0,9271500.0,2
FERRARI,F599 FIORANO,2010.0,10656000.0,1
FERRARI,F599 FIORANO,2011.0,10812000.0,1
FERRARI,F599 FIORANO,2012.0,11924500.0,1
FERRARI,F599 FIORANO,2013.0,12953500.0,1
FERRARI,F599 FIORANO,2014.0,14332500.0,1
FERRARI,F612,2007.0,10742500.0,1
FERRARI,F8 TRIBUTO,2020.0,14720500.0,1
FERRARI,FF,2011.0,11437500.0,1
FERRARI,FF,2012.0,12551500.0,1
FERRARI,FF,2013.0,13646000.0,1
FERRARI,PORTOFINO,2018.0,12165000.0,1
FERRARI,PORTOFINO,2019.0,12487000.0,1
FERRARI,PORTOFINO,2020.0,12769500.0,1
FERRARI,ROMA,2020.0,13076000.0,1
FERRARI,ROMA,2021.0,13267500.0,1
FERRARI,ROMA,2022.0,13697500.0,1
FORD,ECOSPORT,2013.0,202750.0,4
FORD,ECOSPORT,2014.0,215000.0,5
FORD,ECOSPORT,2015.0,220750.0,6
FORD,ECOSPORT,2016.0,270000.0,5
FORD,ECOSPORT,2017.0,273000.0,3
FORD,ECOSPORT,2018.0,316500.0,2
FORD,ESCAPE,2007.0,131500.0,5
FORD,ESCAPE,2008.0,153500.0,4
FORD,ESCAPE,2009.0,175500.0,5
FORD,ESCAPE,2010.0,188000.0,3
FORD,ESCAPE,2011.0,199000.0,3
FORD,ESCAPE,2012.0,213000.0,3
FORD,ESCAPE,2013.0,241000.0,2
FORD,ESCAPE,2014.0,257250.0,2
FORD,ESCAPE,2015.0,275250.0,2
FORD,EVEREST,2012.0,290000.0,5
FORD,EVEREST,2013.0,324750.0,2
FORD,EVEREST,2014.0,380000.0,2
FORD,EVEREST,2015.0,532750.0,6
FORD,EVEREST,2016.0,692000.0,6
FORD,EVEREST,2017.0,683000.0,10
FORD,EVEREST,2018.0,728750.0,6
FORD,EVEREST,2019.0,799000.0,9
FORD,EVEREST,2020.0,836000.0,10
FORD,EVEREST,2021.0,951000.0,5
FORD,EVEREST,2022.0,1203000.0,8
FORD,EVEREST,2023.0,1329000.0,4
FORD,EVEREST,2024.0,1568000.0,1
FORD,FIESTA,2010.0,89000.0,5
FORD,FIESTA,2011.0,104500.0,5
FORD,FIESTA,2012.0,120000.0,5
FORD,FIESTA,2013.0,134000.0,6
FORD,FIESTA,2014.0,158000.0,5
FORD,FIESTA,2015.0,191000.0,5
FORD,FIESTA,2016.0,191000.0,5
FORD,FIESTA,2017.0,232500.0,3
FORD,FOCUS,2008.0,88000.0,5
FORD,FOCUS,2009.0,102000.0,5
FORD,FOCUS,2010.0,124000.0,5
FORD,FOCUS,2011.0,140000.0,5
FORD,FOCUS,2012.0,154500.0,5
FORD,FOCUS,2013.0,191500.0,5
FORD,FOCUS,2014.0,204500.0,5
FORD,FOCUS,2015.0,192000.0,5
FORD,FOCUS,2016.0,224000.0,5
FORD,FOCUS,2017.0,360250.0,2
FORD,FOCUS,2018.0,362500.0,3
FORD,MUSTANG,2016.0,1650000.0,1
FORD,MUSTANG,2017.0,2190000.0,1
FORD,MUSTANG,2018.0,2519000.0,2
FORD,MUSTANG,2019.0,2720000.0,2
FORD,MUSTANG,2020.0,2794500.0,4
FORD,MUSTANG,2021.0,2895750.0,2
FORD,MUSTANG,2022.0,3102500.0,2
FORD,RANGER,2006.0,129000.0,1
FORD,RANGER,2012.0,289000.0,7
FORD,RANGER,2013.0,289000.0,8
FORD,RANGER,2014.0,289500.0,7
FORD,RANGER,2015.0,296000.0,8
FORD,RANGER,2016.0,370500.0,9
FORD,RANGER,2017.0,401750.0,10
FORD,RANGER,2018.0,465000.0,10
FORD,RANGER,2019.0,519000.0,10
FORD,RANGER,2020.0,400000.0,9
FORD,RANGER,2021.0,502500.0,8
FORD,RANGER,2022.0,599000.0,13
FORD,RANGER,2023.0,1380000.0,1
FORD,RANGER,2024.0,5680000.0,3
FORD,TERRITORY,2007.0,209000.0,1
FORD,TERRITORY,2012.0,401000.0,1
FORD,TERRITORY,2013.0,430000.0,1
FORD,TERRITORY,2014.0,487000.0,1
FORD,TERRITORY,2015.0,535000.0,1
HAVAL,H6,2021.0,494500.0,3
HAVAL,H6,2022.0,599000.0,5
HAVAL,JOLION,2021.0,424000.0,3
HAVAL,JOLION,2022.0,454000.0,3
HINO,XZU600R-HKMLKT3,2021.0,590000.0,1
HINO,รถบรรทุก,2020.0,2190000.0,1
HONDA,ACCORD,2006.0,178000.0,1
HONDA,ACCORD,2008.0,1007000.0,2
HONDA,ACCORD,2012.0,214250.0,6
HONDA,ACCORD,2013.0,231250.0,8
HONDA,ACCORD,2014.0,296500.0,6
HONDA,ACCORD,2015.0,339000.0,9
HONDA,ACCORD,2016.0,385750.0,6
HONDA,ACCORD,2017.0,472750.0,8
HONDA,ACCORD,2018.0,475750.0,6
HONDA,ACCORD,2019.0,579000.0,11
HONDA,ACCORD,2020.0,728000.0,7
HONDA,ACCORD,2021.0,813500.0,10
HONDA,ACCORD,2022.0,822500.0,3
HONDA,BR-V,2016.0,267000.0,2
HONDA,BR-V,2017.0,276000.0,2
HONDA,BR-V,2018.0,291000.0,4
HONDA,BR-V,2019.0,320500.0,5
HONDA,BR-V,2020.0,345250.0,2
HONDA,BR-V,2021.0,352500.0,2
HONDA,BR-V,2022.0,415000.0,2
HONDA,BRIO,2013.0,155000.0,3
HONDA,BRV,2017.0,329000.0,1
HONDA,BRV,2019.0,484000.0,4
HONDA,CITY,2005.0,795000.0,1
HONDA,CITY,2010.0,199000.0,1
HONDA,CITY,2012.0,149750.0,6
HONDA,CITY,2013.0,179000.0,11
HONDA,CITY,2014.0,172500.0,6
HONDA,CITY,2015.0,200500.0,7
HONDA,CITY,2016.0,254000.0,9
HONDA,CITY,2017.0,260500.0,7
HONDA,CITY,2018.0,292000.0,7
HONDA,CITY,2019.0,313500.0,7
HONDA,CITY,2020.0,351250.0,8
HONDA,CITY,2021.0,419500.0,10
HONDA,CITY,2022.0,400250.0,6
HONDA,CITY,2023.0,529000.0,4
HONDA,CITY,2025.0,519000.0,1
HONDA,CITY HATCHBACK,2023.0,305000.0,1
HONDA,CIVIC,2007.0,189000.0,1
HONDA,CIVIC,2009.0,1850000.0,3
HONDA,CIVIC,2010.0,179000.0,1
HONDA,CIVIC,2012.0,228000.0,7
HONDA,CIVIC,2013.0,237500.0,9
HONDA,CIVIC,2014.0,252500.0,7
HONDA,CIVIC,2015.0,273000.0,6
HONDA,CIVIC,2016.0,361750.0,8
HONDA,CIVIC,2017.0,512000.0,10
HONDA,CIVIC,2018.0,537500.0,9
HONDA,CIVIC,2019.0,549000.0,13
HONDA,CIVIC,2020.0,541500.0,9
HONDA,CIVIC,2021.0,572000.0,9
HONDA,CIVIC,2022.0,738000.0,11
HONDA,CIVIC,2023.0,4919500.0,2
HONDA,CIVIC,2024.0,771000.0,2
HONDA,CL300,2012.0,208500.0,5
HONDA,CL300,2013.0,225500.0,5
HONDA,CL300,2014.0,232500.0,5
HONDA,CL300,2015.0,266500.0,5
HONDA,CL300,2016.0,304500.0,5
HONDA,CL300,2017.0,422000.0,5
HONDA,CL300,2018.0,463000.0,5
HONDA,CL300,2019.0,518000.0,5
HONDA,CL300,2020.0,541500.0,5
HONDA,CL300,2021.0,564500.0,5
HONDA,CL300,2022.0,712500.0,5
HONDA,CR-V,2010.0,2290000.0,1
HONDA,CR-V,2012.0,233250.0,6
HONDA,CR-V,2013.0,264250.0,4
HONDA,CR-V,2014.0,294750.0,6
HONDA,CR-V,2015.0,357500.0,4
HONDA,CR-V,2016.0,421500.0,5
HONDA,CR-V,2017.0,506000.0,9
HONDA,CR-V,2018.0,525000.0,7
HONDA,CR-V,2019.0,560500.0,6
HONDA,CR-V,2020.0,617500.0,5
HONDA,CR-V,2021.0,756250.0,8
HONDA,CR-V,2022.0,724500.0,5
HONDA,CR-V,2023.0,8590000.0,1
HONDA,CR-V,2024.0,13990000.0,1
HONDA,CRV,2002.0,99000.0,1
HONDA,CRV,2003.0,89000.0,1
HONDA,CRV,2007.0,169000.0,1
HONDA,CRV,2010.0,254000.0,2
HONDA,CRV,2013.0,334500.0,4
HONDA,CRV,2015.0,450000.0,1
HONDA,CRV,2018.0,666500.0,6
HONDA,CRV,2019.0,679000.0,2
HONDA,CRV,2020.0,759000.0,2
HONDA,CRV,2022.0,878500.0,2
HONDA,CRV,2023.0,1259000.0,1
HONDA,CRV,2024.0,1389000.0,1
HONDA,FORZA,2012.0,225000.0,5
HONDA,FORZA,2013.0,264250.0,4
HONDA,FORZA,2014.0,305500.0,5
HONDA,FORZA,2015.0,357500.0,4
HONDA,FORZA,2016.0,421500.0,5
HONDA,FORZA,2017.0,440000.0,5
HONDA,FORZA,2018.0,525000.0,5
HONDA,FORZA,2019.0,547500.0,5
HONDA,FORZA,2020.0,617500.0,5
HONDA,FORZA,2021.0,705000.0,5
HONDA,FORZA,2022.0,724500.0,5
HONDA,FREED,2009.0,220000.0,4
HONDA,FREED,2010.0,201750.0,4
HONDA,FREED,2011.0,222000.0,6
HONDA,FREED,2012.0,256500.0,8
HONDA,FREED,2013.0,280500.0,6
HONDA,FREED,2014.0,298500.0,3
HONDA,FREED,2015.0,328500.0,4
HONDA,FREED,2016.0,340500.0,3
HONDA,GIORNO,2009.0,220000.0,4
HONDA,GIORNO,2010.0,201750.0,4
HONDA,GIORNO,2011.0,217500.0,5
HONDA,GIORNO,2012.0,231000.0,5
HONDA,GIORNO,2013.0,280000.0,5
HONDA,GIORNO,2014.0,298500.0,3
HONDA,GIORNO,2015.0,315500.0,3
HONDA,GIORNO,2016.0,340500.0,3
HONDA,HR-V,2014.0,276500.0,3
HONDA,HR-V,2015.0,294000.0,4
HONDA,HR-V,2016.0,313000.0,4
HONDA,HR-V,2017.0,339000.0,4
HONDA,HR-V,2018.0,393000.0,6
HONDA,HR-V,2019.0,441500.0,5
HONDA,HR-V,2020.0,477750.0,4
HONDA,HR-V,2021.0,498000.0,5
HONDA,HR-V,2022.0,676750.0,4
HONDA,HR-V,2023.0,7790000.0,3
HONDA,HR-V,2025.0,9690000.0,1
HONDA,HRV,2015.0,399000.0,2
HONDA,HRV,2016.0,478000.0,1
HONDA,HRV,2017.0,389000.0,1
HONDA,HRV,2018.0,429000.0,1
HONDA,HRV,2019.0,509000.0,1
HONDA,HRV,2023.0,824000.0,2
HONDA,JAZZ,2006.0,115000.0,1
HONDA,JAZZ,2007.0,1650000.0,1
HONDA,JAZZ,2009.0,1690000.0,1
HONDA,JAZZ,2010.0,168000.0,1
HONDA,JAZZ,2012.0,174250.0,6
HONDA,JAZZ,2013.0,181000.0,7
HONDA,JAZZ,2014.0,205500.0,7
HONDA,JAZZ,2015.0,267000.0,7
HONDA,JAZZ,2016.0,257750.0,6
HONDA,JAZZ,2017.0,271000.0,5
HONDA,JAZZ,2018.0,332500.0,6
HONDA,JAZZ,2019.0,324000.0,6
HONDA,JAZZ,2020.0,343500.0,6
HONDA,JAZZ,2021.0,345500.0,5
HONDA,JAZZ,2022.0,370000.0,5
HONDA,MOBILIO,2014.0,206000.0,4
HONDA,MOBILIO,2015.0,214250.0,4
HONDA,MOBILIO,2016.0,221500.0,5
HONDA,MOBILIO,2017.0,253500.0,5
HONDA,MOBILIO,2018.0,272000.0,3
HONDA,MOBILIO,2019.0,292500.0,3
HONDA,MOBILIO,2020.0,305500.0,3
HONDA,MOBILIO,2021.0,325000.0,3
HONDA,MOBILIO,2022.0,352000.0,3
HONDA,ODYSSEY,2007.0,423000.0,1
HONDA,ODYSSEY,2012.0,400500.0,1
HONDA,ODYSSEY,2013.0,548500.0,3
HONDA,ODYSSEY,2014.0,593000.0,2
HONDA,ODYSSEY,2015.0,651750.0,2
HONDA,ODYSSEY,2016.0,716000.0,2
HONDA,SUPER CLUB,2007.0,423000.0,1
HONDA,SUPER CLUB,2012.0,400500.0,1
HONDA,SUPER CLUB,2013.0,548500.0,3
HONDA,SUPER CLUB,2014.0,593000.0,2
HONDA,SUPER CLUB,2015.0,651750.0,2
HONDA,SUPER CLUB,2016.0,716000.0,2
HONDA,WAVE,2007.0,423000.0,1
HONDA,WAVE,2012.0,400500.0,1
HONDA,WAVE,2013.0,548500.0,3
HONDA,WAVE,2014.0,593000.0,2
HONDA,WAVE,2015.0,651750.0,2
HONDA,WAVE,2016.0,716000.0,2
HONDA,WR-V,2007.0,423000.0,1
HONDA,WR-V,2012.0,400500.0,1
HONDA,WR-V,2013.0,548500.0,3
HONDA,WR-V,2014.0,593000.0,2
HONDA,WR-V,2015.0,651750.0,2
HONDA,WR-V,2016.0,716000.0,2
HYUNDAI,COUPE,2007.0,375500.0,1
HYUNDAI,COUPE,2008.0,344000.0,1
HYUNDAI,COUPE,2009.0,232500.0,1
HYUNDAI,COUPE,2010.0,237000.0,1
HYUNDAI,CRETA,2022.0,474000.0,3
HYUNDAI,CRETA,2025.0,6990000.0,1
HYUNDAI,ELANTRA,2012.0,164000.0,3
HYUNDAI,ELANTRA,2013.0,176000.0,3
HYUNDAI,ELANTRA,2014.0,168500.0,5
HYUNDAI,ELANTRA,2015.0,212250.0,4
HYUNDAI,ELANTRA,2016.0,242000.0,5
HYUNDAI,ELANTRA,2017.0,247000.0,4
HYUNDAI,GRAND STAREX,2013.0,437250.0,2
HYUNDAI,GRAND STAREX,2014.0,472000.0,4
HYUNDAI,GRAND STAREX,2015.0,529250.0,2
HYUNDAI,GRAND STAREX,2016.0,587000.0,4
HYUNDAI,GRAND STAREX,2017.0,642000.0,2
HYUNDAI,GRAND STAREX,2018.0,815000.0,4
HYUNDAI,GRAND STAREX,2019.0,1013500.0,5
HYUNDAI,GRAND STAREX,2020.0,1087250.0,2
HYUNDAI,GRAND STAREX,2021.0,1163250.0,2
HYUNDAI,H-1,2014.0,434000.0,4
HYUNDAI,H-1,2015.0,475000.0,4
HYUNDAI,H-1,2016.0,518000.0,5
HYUNDAI,H-1,2017.0,602750.0,6
HYUNDAI,H-1,2018.0,612500.0,5
HYUNDAI,H-1,2019.0,752000.0,6
HYUNDAI,H-1,2020.0,792250.0,4
HYUNDAI,H-1,2021.0,820500.0,6
HYUNDAI,H-1,2022.0,878500.0,1
HYUNDAI,H-100,2008.0,147000.0,1
HYUNDAI,H-100,2009.0,112000.0,1
HYUNDAI,H-100,2010.0,109000.0,1
HYUNDAI,H-100,2011.0,120000.0,1
HYUNDAI,H-100,2012.0,132500.0,1
HYUNDAI,H1,2016.0,729000.0,1
HYUNDAI,H1,2018.0,882000.0,2
HYUNDAI,H1,2019.0,957000.0,4
HYUNDAI,H1,2020.0,1130000.0,2
HYUNDAI,H1,2021.0,1028500.0,2
HYUNDAI,IONIQ,2018.0,458500.0,1
HYUNDAI,IONIQ,2019.0,482500.0,1
HYUNDAI,IONIQ,2020.0,558500.0,1
HYUNDAI,IONIQ,2021.0,683000.0,1
HYUNDAI,IONIQ5,2018.0,458500.0,1
HYUNDAI,IONIQ5,2019.0,482500.0,1
HYUNDAI,IONIQ5,2020.0,558500.0,1
HYUNDAI,IONIQ5,2021.0,683000.0,1
HYUNDAI,KONA,2019.0,633500.0,2
HYUNDAI,KONA,2020.0,699000.0,2
HYUNDAI,KONA,2021.0,848750.0,2
HYUNDAI,SANTA FE,2007.0,380000.0,1
HYUNDAI,SANTA FE,2008.0,382500.0,1
HYUNDAI,SONATA,2007.0,112000.0,3
HYUNDAI,SONATA,2008.0,116000.0,5
HYUNDAI,SONATA,2009.0,114500.0,5
HYUNDAI,SONATA,2010.0,102000.0,5
HYUNDAI,SONATA,2011.0,206750.0,2
HYUNDAI,SONATA,2012.0,229500.0,2
HYUNDAI,SONATA,2013.0,254500.0,2
HYUNDAI,STARGAZER,2007.0,112000.0,3
HYUNDAI,STARGAZER,2008.0,116000.0,5
HYUNDAI,STARGAZER,2009.0,114500.0,5
HYUNDAI,STARGAZER,2010.0,102000.0,5
HYUNDAI,STARGAZER,2011.0,206750.0,2
HYUNDAI,STARGAZER,2012.0,229500.0,2
HYUNDAI,STARGAZER,2013.0,254500.0,2
HYUNDAI,STARIA,2021.0,939500.0,2
HYUNDAI,STARIA,2022.0,1149250.0,4
HYUNDAI,STARIA,2023.0,1659000.0,1
HYUNDAI,TUCSON,2010.0,203500.0,2
HYUNDAI,TUCSON,2011.0,217500.0,3
HYUNDAI,TUCSON,2012.0,243000.0,3
HYUNDAI,TUCSON,2013.0,263500.0,5
HYUNDAI,TUCSON,2014.0,288750.0,4
HYUNDAI,TUCSON,2015.0,357500.0,1
HYUNDAI,TUCSON,2016.0,392500.0,1
HYUNDAI,TUCSON,2017.0,429000.0,1
HYUNDAI,VELOSTER,2013.0,284500.0,2
HYUNDAI,VELOSTER,2014.0,312000.0,2
HYUNDAI,VELOSTER,2015.0,335750.0,2
HYUNDAI,VELOSTER,2016.0,358250.0,2
ISUZU,D-MAX,2003.0,1590000.0,1
ISUZU,D-MAX,2014.0,304000.0,1
ISUZU,D-MAX,2015.0,184000.0,1
ISUZU,D-MAX,2016.0,3990000.0,3
ISUZU,D-MAX,2017.0,189000.0,1
ISUZU,D-MAX,2018.0,104000.0,1
ISUZU,D-MAX,2019.0,180000.0,3
ISUZU,D-MAX,2020.0,343000.0,6
ISUZU,D-MAX,2021.0,240000.0,5
ISUZU,D-MAX,2022.0,653500.0,11
ISUZU,D-MAX,2023.0,409000.0,4
ISUZU,D-MAX,2024.0,478000.0,1
ISUZU,D-MAX,2025.0,422000.0,1
ISUZU,D-MAX 02-12,2005.0,155000.0,1
ISUZU,D-MAX 02-12,2006.0,168000.0,1
ISUZU,D-MAX 02-12,2009.0,209000.0,1
ISUZU,D-MAX 02-12,2010.0,219000.0,1
ISUZU,D-MAX 12-19,2013.0,359000.0,1
ISUZU,D-MAX 12-19,2015.0,190000.0,1
ISUZU,D-MAX 12-19,2016.0,298000.0,1
ISUZU,D-MAX 12-19,2017.0,299000.0,1
ISUZU,D-MAX 12-19,2018.0,339000.0,1
ISUZU,D-MAX 12-19,2019.0,489000.0,3
ISUZU,D-MAX 19-ปัจจุบัน,2019.0,269000.0,1
ISUZU,D-MAX 19-ปัจจุบัน,2020.0,529000.0,3
ISUZU,D-MAX 19-ปัจจุบัน,2021.0,515000.0,3
ISUZU,D-MAX 19-ปัจจุบัน,2022.0,649000.0,4
ISUZU,D-MAX 19-ปัจจุบัน,2023.0,429000.0,1
ISUZU,D-MAX 19-ปัจจุบัน,2024.0,639000.0,1
ISUZU,MU-7,2007.0,225500.0,4
ISUZU,MU-7,2008.0,238000.0,5
ISUZU,MU-7,2009.0,280500.0,5
ISUZU,MU-7,2010.0,303500.0,5
ISUZU,MU-7,2011.0,309500.0,5
ISUZU,MU-7,2012.0,349000.0,5
ISUZU,MU-7,2013.0,359000.0,5
ISUZU,MU-X,2013.0,433500.0,4
ISUZU,MU-X,2014.0,466000.0,5
ISUZU,MU-X,2015.0,518000.0,5
ISUZU,MU-X,2016.0,572000.0,5
ISUZU,MU-X,2017.0,643500.0,5
ISUZU,MU-X,2018.0,680500.0,6
ISUZU,MU-X,2019.0,728750.0,8
ISUZU,MU-X,2020.0,798000.0,5
ISUZU,MU-X,2021.0,982500.0,7
ISUZU,MU-X,2022.0,1075000.0,6
ISUZU,MU-X,2023.0,892500.0,2
ISUZU,MU-X,2024.0,1099000.0,1
ISUZU,TFR,1995.0,85000.0,1
ISUZU,รถบรรทุก,2021.0,579000.0,4
ISUZU,รถบรรทุก,2022.0,539000.0,3
ISUZU,รถบรรทุก,2023.0,745000.0,2
JEEP,WRANGLER,2012.0,2550000.0,1
KIA,GRAND CARNIVAL,2016.0,699000.0,1
KIA,GRAND CARNIVAL,2021.0,1599000.0,1
KIA,GRAND CARNIVAL,2022.0,1458000.0,1
KIA,UNKNOWN,2017.0,159000.0,1
LAMBORGHINI,AVENTADOR,2014.0,13295000.0,1
LAMBORGHINI,AVENTADOR,2015.0,14247500.0,1
LAMBORGHINI,GALLARDO,2007.0,6923500.0,3
LAMBORGHINI,GALLARDO,2008.0,8039750.0,4
LAMBORGHINI,GALLARDO,2009.0,6851500.0,3
LAMBORGHINI,GALLARDO,2010.0,6184500.0,5
LAMBORGHINI,GALLARDO,2011.0,6878500.0,4
LAMBORGHINI,GALLARDO,2012.0,7126250.0,4
LAMBORGHINI,GALLARDO,2013.0,7941750.0,4
LAMBORGHINI,GALLARDO,2014.0,8379000.0,3
LAMBORGHINI,GALLARDO,2015.0,9353500.0,3
LAMBORGHINI,HURACAN,2014.0,9037500.0,1
LAMBORGHINI,HURACAN,2015.0,9880000.0,1
LAMBORGHINI,HURACAN,2016.0,10739000.0,3
LAMBORGHINI,HURACAN,2017.0,11487000.0,3
LAMBORGHINI,HURACAN,2018.0,14331500.0,1
LAMBORGHINI,HURACAN,2020.0,13856500.0,1
LAMBORGHINI,HURACAN,2021.0,12139500.0,1
LAMBORGHINI,HURACAN,2022.0,12464500.0,1
LAMBORGHINI,MURCIELAGO,2007.0,10497500.0,1
LAMBORGHINI,MURCIELAGO,2008.0,11489500.0,1
LAMBORGHINI,MURCIELAGO,2009.0,9800250.0,2
LAMBORGHINI,MURCIELAGO,2010.0,10265000.0,2
LAMBORGHINI,MURCIELAGO,2011.0,10964000.0,1
LAMBORGHINI,MURCIELAGO,2012.0,11458500.0,1
LAMBORGHINI,MURCIELAGO,2013.0,13466000.0,1
LAMBORGHINI,MURCIELAGO,2014.0,13908500.0,1
LAMBORGHINI,UNKNOWN,2014.0,13700000.0,1
LAMBORGHINI,URUS,2019.0,12561000.0,1
LAMBORGHINI,URUS,2020.0,13085500.0,1
LAMBORGHINI,URUS,2021.0,14236500.0,1
LAMBORGHINI,URUS,2022.0,14753000.0,1
LAND,ROVER RANGE ROVER,2013.0,7590000.0,1
LAND ROVER,DEFENDER,2009.0,692750.0,2
LAND ROVER,DEFENDER,2010.0,717250.0,2
LAND ROVER,DEFENDER,2011.0,770500.0,2
LAND ROVER,DEFENDER,2012.0,823000.0,2
LAND ROVER,DEFENDER,2013.0,990250.0,2
LAND ROVER,DEFENDER,2014.0,1149750.0,2
LAND ROVER,DEFENDER,2015.0,1363000.0,4
LAND ROVER,DEFENDER,2016.0,1978500.0,1
LAND ROVER,DEFENDER,2020.0,3642000.0,5
LAND ROVER,DEFENDER,2021.0,3924000.0,5
LAND ROVER,DEFENDER,2022.0,4983500.0,5
LAND ROVER,DISCOVERY,2015.0,1853500.0,1
LAND ROVER,DISCOVERY,2016.0,1974000.0,1
LAND ROVER,DISCOVERY,2017.0,2729500.0,3
LAND ROVER,DISCOVERY,2018.0,2951750.0,2
LAND ROVER,DISCOVERY,2019.0,2921000.0,3
LAND ROVER,DISCOVERY,2020.0,3005500.0,3
LAND ROVER,DISCOVERY,2021.0,3793500.0,1
LAND ROVER,DISCOVERY,2022.0,4077500.0,1
LAND ROVER,DISCOVERY 3,2007.0,1172000.0,3
LAND ROVER,DISCOVERY 3,2008.0,1291500.0,3
LAND ROVER,DISCOVERY 3,2009.0,1259500.0,1
LAND ROVER,DISCOVERY SPORT,2020.0,2304250.0,4
LAND ROVER,DISCOVERY SPORT,2021.0,2414500.0,4
LAND ROVER,DISCOVERY SPORT,2022.0,2601500.0,1
LAND ROVER,DISCOVERY4,2009.0,1668250.0,2
LAND ROVER,DISCOVERY4,2010.0,1668250.0,2
LAND ROVER,DISCOVERY4,2011.0,1565000.0,1
LAND ROVER,DISCOVERY4,2012.0,1616000.0,1
LAND ROVER,DISCOVERY4,2013.0,1824000.0,2
LAND ROVER,DISCOVERY4,2014.0,1943500.0,3
LAND ROVER,DISCOVERY4,2015.0,2693000.0,1
LAND ROVER,DISCOVERY4,2016.0,2923500.0,1
LAND ROVER,FREELANDER,2007.0,270000.0,2
LAND ROVER,FREELANDER,2008.0,284000.0,2
LAND ROVER,FREELANDER 2,2008.0,613000.0,1
LAND ROVER,FREELANDER 2,2009.0,612500.0,1
LAND ROVER,FREELANDER 2,2010.0,619500.0,1
LAND ROVER,FREELANDER 2,2011.0,657000.0,1
LAND ROVER,FREELANDER 2,2012.0,697500.0,1
LAND ROVER,FREELANDER 2,2013.0,781000.0,1
LAND ROVER,FREELANDER 2,2014.0,892500.0,1
LAND ROVER,FREELANDER 2,2015.0,954500.0,1
LAND ROVER,RANGE ROVER,2012.0,2453500.0,5
LAND ROVER,RANGE ROVER,2013.0,1770000.0,5
LAND ROVER,RANGE ROVER,2014.0,1253500.0,5
LAND ROVER,RANGE ROVER,2015.0,3383500.0,5
LAND ROVER,RANGE ROVER,2016.0,2905500.0,5
LAND ROVER,RANGE ROVER,2017.0,3128500.0,5
LAND ROVER,RANGE ROVER,2018.0,2626500.0,5
LAND ROVER,RANGE ROVER,2019.0,2583500.0,5
LAND ROVER,RANGE ROVER,2020.0,3029000.0,5
LAND ROVER,RANGE ROVER,2021.0,3863500.0,5
LAND ROVER,RANGE ROVER,2022.0,4227000.0,5
LANDROVER,FREELANDER,2005.0,399000.0,1
LANDROVER,RANGE ROVER,2022.0,3150000.0,1
LEXUS,ES,2003.0,178000.0,1
LEXUS,GS 250,2012.0,589500.0,2
LEXUS,GS 250,2013.0,641250.0,2
LEXUS,GS 300,2008.0,528500.0,2
LEXUS,GS 300,2009.0,530000.0,3
LEXUS,GS 300,2010.0,504000.0,3
LEXUS,GS 300,2011.0,559000.0,2
LEXUS,GS 300,2012.0,617000.0,2
LEXUS,GS 300,2017.0,1593500.0,2
LEXUS,GS 300,2018.0,1658750.0,2
LEXUS,GS 300,2019.0,1763750.0,2
LEXUS,GS200T,2015.0,1170000.0,2
LEXUS,GS200T,2016.0,1218500.0,2
LEXUS,GS200T,2017.0,1315500.0,2
LEXUS,GS350,2015.0,1808000.0,1
LEXUS,GS350,2016.0,1882500.0,1
LEXUS,GS350,2017.0,2091500.0,1
LEXUS,GS350,2018.0,2391500.0,1
LEXUS,GS350,2019.0,2551000.0,1
LEXUS,IS 250,2007.0,372250.0,2
LEXUS,IS 250,2008.0,401500.0,4
LEXUS,IS 250,2009.0,307250.0,2
LEXUS,IS 250,2010.0,417750.0,2
LEXUS,IS 250,2011.0,468000.0,2
LEXUS,IS 250,2012.0,502250.0,2
LEXUS,IS 250,2013.0,372000.0,2
LEXUS,IS200T,2016.0,1102000.0,1
LEXUS,IS200T,2017.0,1173500.0,1
LEXUS,IS300,2018.0,1497500.0,1
LEXUS,IS300,2019.0,1597000.0,1
LEXUS,IS300,2020.0,1728500.0,1
LEXUS,IS300H,2021.0,1135000.0,1
LEXUS,LM,2022.0,3690000.0,1
LEXUS,LS350,2017.0,2637500.0,1
LEXUS,LS350,2018.0,2746500.0,1
LEXUS,LS350,2019.0,2916500.0,1
LEXUS,LS350,2020.0,3412000.0,2
LEXUS,LS350,2021.0,4413500.0,1
LEXUS,LS350,2022.0,5684000.0,1
LEXUS,LS460,2007.0,620500.0,1
LEXUS,LS460,2008.0,648000.0,1
LEXUS,LS460,2009.0,663000.0,2
LEXUS,LS460,2010.0,717000.0,1
LEXUS,LS460,2011.0,788000.0,1
LEXUS,LS460,2012.0,867500.0,1
LEXUS,LS500,2017.0,3835500.0,1
LEXUS,LS500,2018.0,4185000.0,1
LEXUS,LS500,2019.0,4662000.0,1
LEXUS,LS500,2020.0,5500250.0,2
LEXUS,LS500,2021.0,6119000.0,1
LEXUS,LS500,2022.0,7486500.0,1
LEXUS,LS500H,2023.0,5608000.0,1
LEXUS,NX 300,2017.0,1593250.0,2
LEXUS,NX 300,2018.0,1697750.0,2
LEXUS,NX 300,2019.0,1842250.0,2
LEXUS,NX 300,2020.0,2030250.0,2
LEXUS,NX 300,2021.0,2225500.0,2
LEXUS,NX 300,2022.0,2461500.0,2
LEXUS,NX200T,2016.0,1513000.0,1
LEXUS,NX200T,2017.0,1646000.0,1
LEXUS,RC200T,2016.0,1211500.0,1
LEXUS,RC200T,2017.0,1334000.0,1
LEXUS,RC300,2018.0,1963000.0,1
LEXUS,RC300,2019.0,2111000.0,1
LEXUS,RC300,2020.0,2416000.0,1
LEXUS,RC300,2021.0,2824500.0,1
LEXUS,RC300,2022.0,3157500.0,1
LEXUS,RX 270,2010.0,434000.0,1
LEXUS,RX 270,2011.0,449500.0,1
LEXUS,RX 270,2012.0,534250.0,2
LEXUS,RX 270,2013.0,646000.0,1
LEXUS,RX 270,2014.0,689750.0,2
LEXUS,RX 270,2015.0,750000.0,2
LEXUS,RX 300,2018.0,1608000.0,3
LEXUS,RX 300,2019.0,1662000.0,5
LEXUS,RX 300,2020.0,1826000.0,3
LEXUS,RX 300,2021.0,1976500.0,5
LEXUS,RX 300,2022.0,2092500.0,3
LEXUS,RX 350,2016.0,1855500.0,1
LEXUS,RX 350,2017.0,2160000.0,1
LEXUS,RX 350,2018.0,2359500.0,1
LEXUS,RX 350,2019.0,2574000.0,1
LEXUS,RX 350,2020.0,2796500.0,1
LEXUS,RX 350,2021.0,3218250.0,2
LEXUS,RX 350,2022.0,3676000.0,1
LEXUS,RX200T,2016.0,1243500.0,3
LEXUS,RX200T,2017.0,1384500.0,3
LEXUS,RX200T,2018.0,1497500.0,3
MAZDA,2,2013.0,1390000.0,1
MAZDA,2,2016.0,2700000.0,1
MAZDA,2,2017.0,2600000.0,1
MAZDA,2,2018.0,2700000.0,1
MAZDA,2,2019.0,2990000.0,3
MAZDA,2,2021.0,353000.0,6
MAZDA,2,2022.0,334250.0,6
MAZDA,3,2014.0,2600000.0,1
MAZDA,3,2018.0,4015000.0,2
MAZDA,3,2020.0,6290000.0,1
MAZDA,BT-50,2013.0,249000.0,2
MAZDA,BT-50,2017.0,309000.0,1
MAZDA,BT-50,2021.0,339000.0,3
MAZDA,BT-50,2022.0,499000.0,7
MAZDA,CX-3,2015.0,265000.0,5
MAZDA,CX-3,2016.0,271500.0,5
MAZDA,CX-3,2017.0,278000.0,5
MAZDA,CX-3,2018.0,319750.0,6
MAZDA,CX-3,2019.0,365000.0,5
MAZDA,CX-3,2020.0,411000.0,5
MAZDA,CX-3,2021.0,397500.0,6
MAZDA,CX-3,2022.0,413250.0,4
MAZDA,CX-30,2020.0,507250.0,6
MAZDA,CX-30,2021.0,525500.0,5
MAZDA,CX-30,2022.0,540000.0,6
MAZDA,CX-30,2023.0,639000.0,1
MAZDA,CX-5,2013.0,241750.0,4
MAZDA,CX-5,2014.0,252500.0,4
MAZDA,CX-5,2015.0,268750.0,6
MAZDA,CX-5,2016.0,305500.0,7
MAZDA,CX-5,2017.0,347500.0,5
MAZDA,CX-5,2018.0,488500.0,9
MAZDA,CX-5,2019.0,471000.0,5
MAZDA,CX-5,2020.0,602000.0,5
MAZDA,CX-5,2021.0,705500.0,6
MAZDA,CX-5,2022.0,918000.0,4
MAZDA,CX-8,2019.0,623000.0,4
MAZDA,CX-8,2020.0,753000.0,9
MAZDA,CX-8,2021.0,744750.0,6
MAZDA,CX-8,2022.0,855000.0,5
MAZDA,CX-8,2023.0,999500.0,2
MAZDA,CX-9,2009.0,292000.0,1
MAZDA,CX-9,2010.0,282500.0,1
MAZDA,CX-9,2011.0,316500.0,1
MAZDA,CX-9,2012.0,343500.0,1
MAZDA,CX-9,2013.0,418250.0,2
MAZDA,CX-9,2014.0,484000.0,1
MAZDA,CX-9,2015.0,540500.0,1
MAZDA,CX-9,2016.0,561500.0,1
MAZDA,MAZDA2,2010.0,148000.0,1
MAZDA,MAZDA2,2013.0,195000.0,1
MAZDA,MAZDA2,2016.0,319000.0,1
MAZDA,MAZDA2,2017.0,257000.0,2
MAZDA,MAZDA2,2019.0,339000.0,3
MAZDA,MAZDA2,2020.0,308500.0,2
MAZDA,MAZDA2,2021.0,374000.0,2
MAZDA,MAZDA3,2016.0,299000.0,3
MAZDA,MAZDA3,2019.0,394000.0,2
MAZDA,MAZDA3,2022.0,615000.0,1
MAZDA,MX-5,2010.0,514000.0,1
MAZDA,MX-5,2011.0,552500.0,1
MAZDA,MX-5,2012.0,603500.0,1
MAZDA,MX-5,2013.0,651500.0,1
MAZDA,MX-5,2014.0,694000.0,1
MAZDA,MX-5,2015.0,811250.0,2
MAZDA,MX-5,2018.0,1170000.0,1
MAZDA,MX-5,2019.0,1312250.0,2
MAZDA,MX-5,2020.0,1424000.0,2
MAZDA,MX-5,2021.0,1594000.0,1
MAZDA,MX-5,2022.0,1756500.0,3
MAZDA,RX-8,2007.0,666500.0,1
MAZDA,TRIBUTE,2004.0,129000.0,1
MAZDA,UNKNOWN,2014.0,139000.0,1
MERCEDES-BENZ,A 170,2007.0,239500.0,1
MERCEDES-BENZ,A 200,2007.0,269000.0,1
MERCEDES-BENZ,A 200,2019.0,907000.0,1
MERCEDES-BENZ,A 200,2020.0,869000.0,3
MERCEDES-BENZ,A 200,2021.0,965000.0,3
MERCEDES-BENZ,A 200,2022.0,1023000.0,2
MERCEDES-BENZ,A180 BLUEEFFICIENCY,2012.0,289000.0,1
MERCEDES-BENZ,A180 BLUEEFFICIENCY,2013.0,336000.0,1
MERCEDES-BENZ,A180 BLUEEFFICIENCY,2014.0,371000.0,3
MERCEDES-BENZ,A180 BLUEEFFICIENCY,2015.0,431250.0,2
MERCEDES-BENZ,A180 BLUEEFFICIENCY,2016.0,459250.0,2
MERCEDES-BENZ,A180 CDI,2007.0,258500.0,1
MERCEDES-BENZ,A200,2020.0,850000.0,1
MERCEDES-BENZ,A200,2021.0,9690000.0,1
MERCEDES-BENZ,A250,2012.0,373500.0,1
MERCEDES-BENZ,A250,2013.0,391000.0,1
MERCEDES-BENZ,A250,2014.0,409500.0,1
MERCEDES-BENZ,A250,2015.0,431000.0,1
MERCEDES-BENZ,A250,2016.0,452000.0,1
MERCEDES-BENZ,A45,2015.0,1081500.0,1
MERCEDES-BENZ,A45,2016.0,1184500.0,1
MERCEDES-BENZ,A45,2017.0,1343000.0,1
MERCEDES-BENZ,A45,2018.0,1506500.0,1
MERCEDES-BENZ,A45,2019.0,1657500.0,1
MERCEDES-BENZ,A45,2021.0,2344500.0,1
MERCEDES-BENZ,AMG E53,2015.0,1081500.0,1
MERCEDES-BENZ,AMG E53,2016.0,1184500.0,1
MERCEDES-BENZ,AMG E53,2017.0,1343000.0,1
MERCEDES-BENZ,AMG E53,2018.0,1506500.0,1
MERCEDES-BENZ,AMG E53,2019.0,1657500.0,1
MERCEDES-BENZ,AMG E53,2021.0,2344500.0,1
MERCEDES-BENZ,B180 CDI,2009.0,334000.0,1
MERCEDES-BENZ,B200 BLUEEFFICIENCY,2012.0,378500.0,2
MERCEDES-BENZ,B200 BLUEEFFICIENCY,2013.0,404500.0,1
MERCEDES-BENZ,B200 BLUEEFFICIENCY,2014.0,449500.0,1
MERCEDES-BENZ,B200 BLUEEFFICIENCY,2015.0,484500.0,1
MERCEDES-BENZ,C 180,2007.0,326500.0,3
MERCEDES-BENZ,C 180,2014.0,487000.0,2
MERCEDES-BENZ,C 180,2015.0,558500.0,2
MERCEDES-BENZ,C 200,2009.0,265000.0,1
MERCEDES-BENZ,C 200,2010.0,248000.0,3
MERCEDES-BENZ,C 200,2011.0,237000.0,3
MERCEDES-BENZ,C 200,2012.0,298500.0,1
MERCEDES-BENZ,C 200,2013.0,304000.0,1
MERCEDES-BENZ,C 200,2020.0,1468000.0,1
MERCEDES-BENZ,C 220,2018.0,944000.0,3
MERCEDES-BENZ,C 220,2019.0,1041500.0,3
MERCEDES-BENZ,C 220,2020.0,1185000.0,2
MERCEDES-BENZ,C 220,2021.0,1317000.0,2
MERCEDES-BENZ,C 220,2022.0,1478500.0,4
MERCEDES-BENZ,C180 AMG,2012.0,432500.0,1
MERCEDES-BENZ,C180 AMG,2013.0,468500.0,1
MERCEDES-BENZ,C180 AMG,2014.0,505000.0,1
MERCEDES-BENZ,C180 AMG,2015.0,545000.0,1
MERCEDES-BENZ,C180 AMG,2016.0,584500.0,1
MERCEDES-BENZ,C180 KOMPRESSOR,2007.0,484500.0,1
MERCEDES-BENZ,C200,2012.0,3820000.0,2
MERCEDES-BENZ,C200,2016.0,660000.0,1
MERCEDES-BENZ,C200,2018.0,1179000.0,1
MERCEDES-BENZ,C200,2019.0,1310000.0,1
MERCEDES-BENZ,C200,2020.0,1440500.0,1
MERCEDES-BENZ,C200,2021.0,1627000.0,1
MERCEDES-BENZ,C200,2022.0,1812500.0,1
MERCEDES-BENZ,C200 KOMPRESSOR,2007.0,508000.0,2
MERCEDES-BENZ,C200 KOMPRESSOR,2008.0,492500.0,1
MERCEDES-BENZ,C220,2019.0,12690000.0,1
MERCEDES-BENZ,C220,2022.0,14900000.0,1
MERCEDES-BENZ,C220 CDI,2007.0,333000.0,1
MERCEDES-BENZ,C220 CDI,2009.0,365500.0,1
MERCEDES-BENZ,C220 CDI,2010.0,339500.0,1
MERCEDES-BENZ,C220 CDI,2011.0,370500.0,1
MERCEDES-BENZ,C220 CDI,2012.0,401500.0,1
MERCEDES-BENZ,C220 CDI BLUEEFFICIENCY,2012.0,388500.0,2
MERCEDES-BENZ,C220 CDI BLUEEFFICIENCY,2013.0,422000.0,1
MERCEDES-BENZ,C220 CDI BLUEEFFICIENCY,2014.0,450500.0,1
MERCEDES-BENZ,C230,2007.0,350500.0,4
MERCEDES-BENZ,C230,2008.0,416000.0,1
MERCEDES-BENZ,C230,2009.0,375500.0,1
MERCEDES-BENZ,C230,2010.0,256500.0,1
MERCEDES-BENZ,C230,2011.0,275000.0,1
MERCEDES-BENZ,C230,2012.0,292000.0,1
MERCEDES-BENZ,C250,2012.0,431500.0,1
MERCEDES-BENZ,C250,2013.0,485000.0,1
MERCEDES-BENZ,C250,2014.0,600500.0,2
MERCEDES-BENZ,C250,2016.0,942500.0,5
MERCEDES-BENZ,C250,2017.0,1072500.0,3
MERCEDES-BENZ,C250,2018.0,1207000.0,3
MERCEDES-BENZ,C250 BLUEEFFICIENCY,2011.0,382750.0,2
MERCEDES-BENZ,C250 BLUEEFFICIENCY,2012.0,409000.0,2
MERCEDES-BENZ,C250 CDI BLUEEFFICIENCY,2010.0,384000.0,1
MERCEDES-BENZ,C250 CDI BLUEEFFICIENCY,2011.0,420500.0,2
MERCEDES-BENZ,C250 CDI BLUEEFFICIENCY,2012.0,460250.0,2
MERCEDES-BENZ,C250 CGI BLUEEFFICIENCY,2010.0,412000.0,1
MERCEDES-BENZ,C300,2017.0,1173500.0,1
MERCEDES-BENZ,C300,2018.0,1308500.0,1
MERCEDES-BENZ,C300,2019.0,847000.0,2
MERCEDES-BENZ,C300,2020.0,955000.0,4
MERCEDES-BENZ,C300,2021.0,993000.0,3
MERCEDES-BENZ,C300,2022.0,1074500.0,3
MERCEDES-BENZ,C350,2016.0,512000.0,3
MERCEDES-BENZ,C350,2017.0,574750.0,4
MERCEDES-BENZ,C350,2018.0,643000.0,4
MERCEDES-BENZ,C43,2017.0,1678000.0,1
MERCEDES-BENZ,C43,2018.0,1525000.0,3
MERCEDES-BENZ,C43,2019.0,1655000.0,2
MERCEDES-BENZ,C43,2020.0,1872250.0,2
MERCEDES-BENZ,C43,2021.0,2069500.0,2
MERCEDES-BENZ,C43,2022.0,2321500.0,3
MERCEDES-BENZ,C63,2017.0,3257000.0,1
MERCEDES-BENZ,C63,2018.0,3678000.0,1
MERCEDES-BENZ,C63,2019.0,3988500.0,2
MERCEDES-BENZ,C63,2020.0,4543000.0,1
MERCEDES-BENZ,C63,2021.0,5019500.0,1
MERCEDES-BENZ,C63,2022.0,5497000.0,1
MERCEDES-BENZ,CL500,2007.0,1889500.0,1
MERCEDES-BENZ,CL500,2008.0,1858000.0,1
MERCEDES-BENZ,CL500,2009.0,1837500.0,1
MERCEDES-BENZ,CL500,2010.0,1499500.0,3
MERCEDES-BENZ,CL500,2011.0,1630000.0,2
MERCEDES-BENZ,CL500 BLUEEFFICIENCY,2011.0,1520500.0,1
MERCEDES-BENZ,CL500 BLUEEFFICIENCY,2012.0,1625000.0,1
MERCEDES-BENZ,CL500 BLUEEFFICIENCY AMG,2011.0,1596500.0,1
MERCEDES-BENZ,CL500 BLUEEFFICIENCY AMG,2012.0,1705500.0,1
MERCEDES-BENZ,CLA 180,2014.0,487000.0,1
MERCEDES-BENZ,CLA 180,2015.0,522000.0,1
MERCEDES-BENZ,CLA 180,2016.0,556500.0,1
MERCEDES-BENZ,CLA 200,2015.0,479000.0,1
MERCEDES-BENZ,CLA 200,2016.0,534000.0,2
MERCEDES-BENZ,CLA 200,2017.0,607000.0,1
MERCEDES-BENZ,CLA 200,2018.0,647000.0,1
MERCEDES-BENZ,CLA 200,2019.0,682500.0,1
MERCEDES-BENZ,CLA200,2020.0,7800000.0,1
MERCEDES-BENZ,CLA250,2016.0,7245000.0,2
MERCEDES-BENZ,CLA250 AMG,2014.0,545000.0,1
MERCEDES-BENZ,CLA250 AMG,2015.0,597500.0,3
MERCEDES-BENZ,CLA250 AMG,2016.0,650000.0,5
MERCEDES-BENZ,CLA250 AMG,2017.0,773000.0,2
MERCEDES-BENZ,CLA250 AMG,2018.0,755000.0,3
MERCEDES-BENZ,CLA250 AMG,2019.0,821500.0,2
MERCEDES-BENZ,CLA35,2020.0,1705000.0,1
MERCEDES-BENZ,CLA35,2021.0,1892500.0,1
MERCEDES-BENZ,CLA35,2022.0,2134500.0,1
MERCEDES-BENZ,CLA45,2017.0,1490000.0,1
MERCEDES-BENZ,CLA45,2018.0,1654000.0,1
MERCEDES-BENZ,CLA45,2019.0,1805500.0,1
MERCEDES-BENZ,CLA45,2020.0,2179000.0,1
MERCEDES-BENZ,CLA45,2021.0,2395500.0,1
MERCEDES-BENZ,CLC200 KOMPRESSOR,2008.0,465500.0,1
MERCEDES-BENZ,CLC200 KOMPRESSOR,2009.0,432500.0,1
MERCEDES-BENZ,CLC200 KOMPRESSOR,2010.0,372500.0,1
MERCEDES-BENZ,CLS 300,2018.0,1589500.0,1
MERCEDES-BENZ,CLS 300,2019.0,1638750.0,2
MERCEDES-BENZ,CLS 300,2020.0,1826000.0,1
MERCEDES-BENZ,CLS 300,2021.0,2018000.0,1
MERCEDES-BENZ,CLS 350,2007.0,605500.0,1
MERCEDES-BENZ,CLS 350,2008.0,652500.0,1
MERCEDES-BENZ,CLS 350,2009.0,653000.0,1
MERCEDES-BENZ,CLS 350,2010.0,582500.0,1
MERCEDES-BENZ,CLS 53,2018.0,2391500.0,1
MERCEDES-BENZ,CLS 53,2019.0,2270750.0,2
MERCEDES-BENZ,CLS 53,2020.0,2267000.0,1
MERCEDES-BENZ,CLS 53,2021.0,2134500.0,2
MERCEDES-BENZ,CLS 53,2022.0,2027500.0,1
MERCEDES-BENZ,CLS220,2021.0,1426500.0,1
MERCEDES-BENZ,CLS220,2022.0,1588500.0,1
MERCEDES-BENZ,CLS350 BLUEEFFICIENCY,2011.0,649000.0,1
MERCEDES-BENZ,CLS350 BLUEEFFICIENCY,2012.0,742500.0,1
MERCEDES-BENZ,CLS55 AMG,2007.0,970500.0,1
MERCEDES-BENZ,CLS55 AMG,2008.0,1032500.0,1
MERCEDES-BENZ,E 200,2016.0,910500.0,4
MERCEDES-BENZ,E 200,2018.0,1539000.0,1
MERCEDES-BENZ,E 200,2019.0,1666500.0,1
MERCEDES-BENZ,E 200,2020.0,1832750.0,2
MERCEDES-BENZ,E 200,2021.0,2162500.0,3
MERCEDES-BENZ,E 200,2022.0,2524500.0,2
MERCEDES-BENZ,E 200 NGT,2016.0,910500.0,4
MERCEDES-BENZ,E 200 NGT,2018.0,1539000.0,1
MERCEDES-BENZ,E 200 NGT,2019.0,1666500.0,1
MERCEDES-BENZ,E 200 NGT,2020.0,1832750.0,2
MERCEDES-BENZ,E 200 NGT,2021.0,2162500.0,3
MERCEDES-BENZ,E 200 NGT,2022.0,2524500.0,2
MERCEDES-BENZ,E 220,2017.0,1212500.0,4
MERCEDES-BENZ,E 220,2019.0,1226500.0,1
MERCEDES-BENZ,E 220,2020.0,1375500.0,1
MERCEDES-BENZ,E 220,2021.0,1582500.0,2
MERCEDES-BENZ,E 220,2022.0,1808000.0,1
MERCEDES-BENZ,E 230,2007.0,445000.0,1
MERCEDES-BENZ,E 230,2008.0,451500.0,1
MERCEDES-BENZ,E 230,2009.0,413000.0,1
MERCEDES-BENZ,E 240,2007.0,408000.0,1
MERCEDES-BENZ,E 250,2010.0,545250.0,2
MERCEDES-BENZ,E 250,2011.0,551750.0,2
MERCEDES-BENZ,E 250,2012.0,439250.0,2
MERCEDES-BENZ,E 250,2013.0,472500.0,1
MERCEDES-BENZ,E 250,2015.0,877250.0,2
MERCEDES-BENZ,E 250,2016.0,921750.0,2
MERCEDES-BENZ,E 280,2007.0,466000.0,3
MERCEDES-BENZ,E 280,2008.0,516500.0,1
MERCEDES-BENZ,E 280,2009.0,517500.0,1
MERCEDES-BENZ,E200,2011.0,4050000.0,1
MERCEDES-BENZ,E200,2015.0,7900000.0,1
MERCEDES-BENZ,E220,2017.0,13590000.0,3
MERCEDES-BENZ,E250,2010.0,400000.0,1
MERCEDES-BENZ,E250,2011.0,14900000.0,1
MERCEDES-BENZ,E350,2018.0,778000.0,1
MERCEDES-BENZ,E350,2020.0,10195000.0,2
MERCEDES-BENZ,GLA200,2014.0,5400000.0,1
MERCEDES-BENZ,GLA200,2017.0,5990000.0,1
MERCEDES-BENZ,GLA200,2023.0,13890000.0,1
MERCEDES-BENZ,GLC,2022.0,1100000.0,2
MERCEDES-BENZ,GLC220,2021.0,14990000.0,1
MERCEDES-BENZ,GLC220,2025.0,14990000.0,1
MERCEDES-BENZ,GLC250,2018.0,11900000.0,1
MERCEDES-BENZ,S300,2015.0,10900000.0,1
MERCEDES-BENZ,VITO,2010.0,3000000.0,1
MG,3,2016.0,142000.0,2
MG,3,2020.0,148000.0,1
MG,EP,2020.0,477500.0,1
MG,EP,2021.0,504000.0,2
MG,EP,2022.0,530000.0,2
MG,EP (ปี 20-27) PLUS WAGON -,2021.0,3890000.0,1
MG,ES,2020.0,477500.0,1
MG,ES,2021.0,504000.0,2
MG,ES,2022.0,530000.0,2
MG,EXTENDER,2019.0,328000.0,7
MG,EXTENDER,2020.0,349500.0,7
MG,EXTENDER,2021.0,316000.0,11
MG,EXTENDER,2022.0,509750.0,8
MG,GS,2016.0,333500.0,5
MG,GS,2017.0,339500.0,6
MG,GS,2018.0,391500.0,5
MG,GS,2019.0,374000.0,5
MG,HS,2019.0,522500.0,3
MG,HS,2020.0,557500.0,5
MG,HS,2021.0,598000.0,4
MG,HS,2022.0,679500.0,7
MG,HS PHEV,2022.0,903750.0,2
MG,IM6,2022.0,903750.0,2
MG,MAXUS7-EV,2022.0,903750.0,2
MG,MAXUS9-EV,2022.0,903750.0,2
MG,MG3,2019.0,270500.0,1
MG,MG3,2020.0,301500.0,1
MG,MG3,2021.0,341000.0,1
MG,MG3,2022.0,410000.0,1
MG,MG5,2022.0,452500.0,2
MG,V80,2019.0,514000.0,2
MG,V80,2020.0,526750.0,2
MG,V80,2021.0,576750.0,2
MG,VS HEV,2023.0,539000.0,1
MG,ZS,2017.0,321500.0,3
MG,ZS,2018.0,350500.0,3
MG,ZS,2019.0,359250.0,6
MG,ZS,2020.0,414000.0,5
MG,ZS,2021.0,440500.0,5
MG,ZS,2022.0,496250.0,6
MG,ZS (ปี 17-21) EV SUV -,2020.0,2888000.0,1
MINI,CLUBMAN,2017.0,8190000.0,1
MINI,COUNTRYMAN,2013.0,390000.0,1
MINI,COUNTRYMAN,2016.0,639000.0,1
MINI,COUNTRYMAN,2018.0,899000.0,1
MINI,COUNTRYMAN,2021.0,1190000.0,2
MINI,COUNTRYMAN,2022.0,1207500.0,2
MINI,COUPE,2001.0,469000.0,1
MINI,COUPE,2016.0,680000.0,1
MINI,HATCH,2013.0,588000.0,1
MITSUBISHI,ATTRAGE,2012.0,159000.0,1
MITSUBISHI,ATTRAGE,2013.0,87250.0,6
MITSUBISHI,ATTRAGE,2014.0,109250.0,4
MITSUBISHI,ATTRAGE,2015.0,126750.0,6
MITSUBISHI,ATTRAGE,2016.0,128000.0,5
MITSUBISHI,ATTRAGE,2017.0,134500.0,5
MITSUBISHI,ATTRAGE,2018.0,154250.0,6
MITSUBISHI,ATTRAGE,2019.0,175750.0,6
MITSUBISHI,ATTRAGE,2020.0,207500.0,4
MITSUBISHI,ATTRAGE,2021.0,239250.0,6
MITSUBISHI,ATTRAGE,2022.0,241500.0,4
MITSUBISHI,DELICA SPACE WAGON,2015.0,440000.0,1
MITSUBISHI,GUTS,2007.0,179000.0,1
MITSUBISHI,LANCER,2011.0,109500.0,8
MITSUBISHI,LANCER,2012.0,118000.0,7
MITSUBISHI,LANCER,2013.0,141500.0,3
MITSUBISHI,LANCER,2014.0,173500.0,3
MITSUBISHI,LANCER,2015.0,195000.0,3
MITSUBISHI,LANCER,2016.0,205000.0,3
MITSUBISHI,LANCER EX,2010.0,2800000.0,1
MITSUBISHI,LANCER EX,2011.0,133000.0,1
MITSUBISHI,LANCER EX,2013.0,150250.0,2
MITSUBISHI,MIRAGE,2016.0,1590000.0,1
MITSUBISHI,MIRAGE,2017.0,144000.0,5
MITSUBISHI,MIRAGE,2018.0,162000.0,5
MITSUBISHI,MIRAGE,2019.0,197750.0,6
MITSUBISHI,MIRAGE,2020.0,204250.0,4
MITSUBISHI,MIRAGE,2021.0,217000.0,5
MITSUBISHI,MIRAGE,2022.0,232000.0,5
MITSUBISHI,MIRAGE,2023.0,339000.0,1
MITSUBISHI,OUTLANDER,2020.0,559000.0,3
MITSUBISHI,OUTLANDER,2021.0,596000.0,2
MITSUBISHI,OUTLANDER,2022.0,727750.0,2
MITSUBISHI,PAJERO,2011.0,309000.0,3
MITSUBISHI,PAJERO,2012.0,329000.0,3
MITSUBISHI,PAJERO,2013.0,379000.0,1
MITSUBISHI,PAJERO,2015.0,369000.0,1
MITSUBISHI,PAJERO,2016.0,549000.0,1
MITSUBISHI,PAJERO,2017.0,505750.0,8
MITSUBISHI,PAJERO,2018.0,539000.0,5
MITSUBISHI,PAJERO,2019.0,635750.0,6
MITSUBISHI,PAJERO,2020.0,729500.0,5
MITSUBISHI,PAJERO,2021.0,762500.0,6
MITSUBISHI,PAJERO,2022.0,799000.0,5
MITSUBISHI,PAJERO,2024.0,1029000.0,1
MITSUBISHI,PAJERO SPORT,2011.0,150500.0,1
MITSUBISHI,PAJERO SPORT,2012.0,159500.0,1
MITSUBISHI,PAJERO SPORT,2013.0,169500.0,1
MITSUBISHI,PAJERO SPORT,2014.0,145750.0,2
MITSUBISHI,PAJERO SPORT,2015.0,231000.0,1
MITSUBISHI,PAJERO SPORT,2016.0,523000.0,1
MITSUBISHI,PAJERO SPORT,2018.0,6980000.0,1
MITSUBISHI,PAJERO SPORT,2019.0,6390000.0,1
MITSUBISHI,PAJERO SPORT,2021.0,8990000.0,1
MITSUBISHI,SPACE,2010.0,50000.0,1
MITSUBISHI,SPACE WAGON,2007.0,217000.0,5
MITSUBISHI,SPACE WAGON,2008.0,213500.0,3
MITSUBISHI,SPACE WAGON,2009.0,209000.0,6
MITSUBISHI,SPACE WAGON,2010.0,206000.0,3
MITSUBISHI,SPACE WAGON,2011.0,219750.0,4
MITSUBISHI,SPACE WAGON,2012.0,239000.0,4
MITSUBISHI,TRITON,2013.0,2690000.0,1
MITSUBISHI,TRITON,2014.0,2200000.0,1
MITSUBISHI,TRITON,2015.0,142000.0,1
MITSUBISHI,TRITON,2016.0,3490000.0,1
MITSUBISHI,TRITON,2017.0,252500.0,7
MITSUBISHI,TRITON,2018.0,302000.0,7
MITSUBISHI,TRITON,2019.0,314500.0,7
MITSUBISHI,TRITON,2020.0,341500.0,7
MITSUBISHI,TRITON,2021.0,369500.0,7
MITSUBISHI,TRITON,2022.0,343500.0,11
MITSUBISHI,TRITON,2023.0,474000.0,1
MITSUBISHI,TRITON,2024.0,332000.0,1
MITSUBISHI,TRITON 05-18,2014.0,289000.0,1
MITSUBISHI,TRITON 05-18,2016.0,335000.0,2
MITSUBISHI,TRITON 05-18,2017.0,415000.0,3
MITSUBISHI,TRITON 05-18,2018.0,389000.0,1
MITSUBISHI,TRITON 18-23,2019.0,439000.0,1
MITSUBISHI,TRITON 18-23,2020.0,355000.0,1
MITSUBISHI,XPANDER,2022.0,500000.0,1
MITSUBISHI,XPANDER,2024.0,538000.0,6
NETA,V,2023.0,280000.0,1
NISSAN,350Z,2007.0,990000.0,1
NISSAN,350Z,2008.0,969000.0,1
NISSAN,350Z,2009.0,961000.0,1
NISSAN,370Z,2009.0,1177250.0,2
NISSAN,370Z,2010.0,1152750.0,2
NISSAN,370Z,2011.0,1275000.0,3
NISSAN,370Z,2012.0,1322500.0,2
NISSAN,ALMERA,2012.0,1200000.0,1
NISSAN,ALMERA,2013.0,125000.0,1
NISSAN,ALMERA,2015.0,117000.0,7
NISSAN,ALMERA,2016.0,130000.0,5
NISSAN,ALMERA,2017.0,142000.0,5
NISSAN,ALMERA,2018.0,164000.0,5
NISSAN,ALMERA,2019.0,225750.0,6
NISSAN,ALMERA,2020.0,309250.0,10
NISSAN,ALMERA,2021.0,277000.0,5
NISSAN,ALMERA,2022.0,312000.0,5
NISSAN,FRONTIER,2007.0,112500.0,2
NISSAN,FRONTIER NAVARA,2007.0,178000.0,7
NISSAN,FRONTIER NAVARA,2008.0,163000.0,7
NISSAN,FRONTIER NAVARA,2009.0,131500.0,7
NISSAN,FRONTIER NAVARA,2010.0,136000.0,7
NISSAN,FRONTIER NAVARA,2011.0,171500.0,7
NISSAN,FRONTIER NAVARA,2012.0,156500.0,7
NISSAN,FRONTIER NAVARA,2013.0,170000.0,7
NISSAN,FRONTIER NAVARA,2014.0,206500.0,7
NISSAN,GT-R,2018.0,6310000.0,1
NISSAN,GT-R,2019.0,6366000.0,2
NISSAN,GT-R,2020.0,6252500.0,2
NISSAN,GT-R,2021.0,7121000.0,2
NISSAN,GT-R,2022.0,7514500.0,2
NISSAN,INFINITI,2012.0,1100000.0,1
NISSAN,JUKE,2014.0,153500.0,2
NISSAN,JUKE,2015.0,174000.0,6
NISSAN,JUKE,2016.0,193500.0,5
NISSAN,JUKE,2017.0,202000.0,5
NISSAN,KICKS,2020.0,358000.0,3
NISSAN,KICKS,2021.0,385250.0,6
NISSAN,KICKS,2022.0,406000.0,6
NISSAN,LEAF,2019.0,263000.0,1
NISSAN,LEAF,2020.0,305000.0,1
NISSAN,LEAF,2021.0,320500.0,1
NISSAN,LEAF,2022.0,453500.0,1
NISSAN,LIVINA,2014.0,120500.0,3
NISSAN,LIVINA,2015.0,132000.0,3
NISSAN,LIVINA,2016.0,151000.0,3
NISSAN,MARCH,2011.0,159000.0,1
NISSAN,MARCH,2014.0,179000.0,1
NISSAN,MARCH,2015.0,100500.0,5
NISSAN,MARCH,2016.0,109500.0,5
NISSAN,MARCH,2017.0,127000.0,4
NISSAN,MARCH,2018.0,157500.0,6
NISSAN,MARCH,2019.0,156750.0,4
NISSAN,MARCH,2020.0,168000.0,4
NISSAN,MARCH,2021.0,183750.0,4
NISSAN,MARCH,2022.0,208750.0,4
NISSAN,MURANO,2007.0,423250.0,2
NISSAN,MURANO,2008.0,443000.0,2
NISSAN,MURANO,2009.0,451000.0,2
NISSAN,MURANO,2010.0,348000.0,1
NISSAN,NAVARA,2012.0,359000.0,1
NISSAN,NAVARA,2013.0,150000.0,1
NISSAN,NAVARA,2014.0,69000.0,1
NISSAN,NAVARA,2016.0,220000.0,1
NISSAN,NAVARA,2017.0,194500.0,2
NISSAN,NAVARA,2018.0,363500.0,2
NISSAN,NAVARA,2019.0,265000.0,1
NISSAN,NAVARA,2020.0,349000.0,9
NISSAN,NAVARA,2021.0,365500.0,7
NISSAN,NAVARA,2022.0,359000.0,9
NISSAN,NOTE,2017.0,199500.0,4
NISSAN,NOTE,2018.0,197750.0,2
NISSAN,NOTE,2019.0,204000.0,5
NISSAN,NOTE,2020.0,238500.0,6
NISSAN,NOTE,2021.0,259500.0,3
NISSAN,NOTE,2022.0,301750.0,4
NISSAN,NP 300 NAVARA,2014.0,199500.0,7
NISSAN,NP 300 NAVARA,2015.0,206500.0,7
NISSAN,NP 300 NAVARA,2016.0,212500.0,7
NISSAN,NP 300 NAVARA,2017.0,268000.0,7
NISSAN,NP 300 NAVARA,2018.0,230000.0,7
NISSAN,NP 300 NAVARA,2019.0,265500.0,7
NISSAN,NP 300 NAVARA,2020.0,291000.0,7
NISSAN,NV,2007.0,85500.0,2
NISSAN,NV,2008.0,87000.0,2
NISSAN,PULSAR,2013.0,162500.0,5
NISSAN,PULSAR,2014.0,171500.0,5
NISSAN,PULSAR,2015.0,187000.0,5
NISSAN,PULSAR,2016.0,195000.0,5
NISSAN,SYLPHY,2013.0,116000.0,5
NISSAN,SYLPHY,2014.0,123500.0,6
NISSAN,SYLPHY,2015.0,144500.0,5
NISSAN,SYLPHY,2016.0,167000.0,5
NISSAN,SYLPHY,2017.0,185000.0,5
NISSAN,SYLPHY,2018.0,190500.0,4
NISSAN,SYLPHY,2019.0,221750.0,4
NISSAN,SYLPHY,2020.0,240000.0,4
NISSAN,TEANA,2012.0,219000.0,1
NISSAN,TEANA,2013.0,203500.0,6
NISSAN,TEANA,2014.0,259000.0,5
NISSAN,TEANA,2015.0,255500.0,4
NISSAN,TEANA,2016.0,276000.0,4
NISSAN,TEANA,2017.0,307750.0,4
NISSAN,TEANA,2018.0,344500.0,4
NISSAN,TEANA,2019.0,421750.0,4
NISSAN,TEANA,2020.0,486750.0,4
NISSAN,TERRA,2018.0,500750.0,4
NISSAN,TERRA,2019.0,530500.0,5
NISSAN,TERRA,2020.0,533500.0,5
NISSAN,TERRA,2021.0,652000.0,5
NISSAN,TERRA,2022.0,661000.0,3
NISSAN,TERRA,2023.0,1049000.0,1
NISSAN,TIIDA,2007.0,93500.0,7
NISSAN,TIIDA,2008.0,93000.0,7
NISSAN,TIIDA,2009.0,88000.0,7
NISSAN,TIIDA,2010.0,88750.0,8
NISSAN,TIIDA,2011.0,100500.0,7
NISSAN,TIIDA,2012.0,109000.0,7
NISSAN,UNKNOWN,2013.0,130000.0,1
NISSAN,URVAN,2015.0,246500.0,1
NISSAN,URVAN,2016.0,266500.0,1
NISSAN,URVAN,2017.0,293500.0,1
NISSAN,URVAN,2018.0,304000.0,1
NISSAN,URVAN,2019.0,332500.0,1
NISSAN,URVAN,2020.0,429500.0,1
NISSAN,URVAN,2021.0,625000.0,1
NISSAN,URVAN,2022.0,709500.0,1
NISSAN,X-TRAIL,2013.0,189500.0,1
NISSAN,X-TRAIL,2014.0,245500.0,5
NISSAN,X-TRAIL,2015.0,269500.0,7
NISSAN,X-TRAIL,2016.0,277500.0,7
NISSAN,X-TRAIL,2017.0,301500.0,7
NISSAN,X-TRAIL,2018.0,335000.0,5
NISSAN,X-TRAIL,2019.0,390500.0,5
NISSAN,X-TRAIL,2020.0,503500.0,5
ORA,GOOD CAT,2021.0,313500.0,3
ORA,GOOD CAT,2022.0,375000.0,5
ORA,LONG RANGE,2021.0,313500.0,3
ORA,LONG RANGE,2022.0,348250.0,4
PEUGEOT,2008,2022.0,5600000.0,1
PEUGEOT,3008,2020.0,719000.0,1
PEUGEOT,408,2012.0,258000.0,1
PORSCHE,718,2016.0,3428000.0,4
PORSCHE,718,2017.0,3580750.0,4
PORSCHE,718,2018.0,3760750.0,4
PORSCHE,718,2019.0,4157500.0,3
PORSCHE,718,2020.0,4071750.0,4
PORSCHE,718,2021.0,4427500.0,5
PORSCHE,718,2022.0,5898500.0,5
PORSCHE,718 CAYMAN,2016.0,3428000.0,4
PORSCHE,718 CAYMAN,2017.0,3580750.0,4
PORSCHE,718 CAYMAN,2018.0,3760750.0,4
PORSCHE,718 CAYMAN,2019.0,4157500.0,3
PORSCHE,718 CAYMAN,2020.0,4071750.0,4
PORSCHE,718 CAYMAN,2021.0,4427500.0,5
PORSCHE,718 CAYMAN,2022.0,5898500.0,5
PORSCHE,911,2020.0,7743500.0,3
PORSCHE,911,2021.0,9348500.0,4
PORSCHE,911,2022.0,8700750.0,2
PORSCHE,911 CARRERA,2014.0,5267500.0,1
PORSCHE,911 CARRERA,2015.0,5984500.0,1
PORSCHE,911 CARRERA,2016.0,5060000.0,1
PORSCHE,911 CARRERA,2017.0,5336500.0,1
PORSCHE,911 CARRERA,2018.0,5840000.0,1
PORSCHE,911 CARRERA,2020.0,6048000.0,2
PORSCHE,911 CARRERA,2021.0,6543000.0,2
PORSCHE,911 CARRERA,2022.0,7271750.0,2
PORSCHE,911 CARRERA 4,2020.0,6503250.0,2
PORSCHE,911 CARRERA 4,2021.0,7041750.0,2
PORSCHE,911 CARRERA 4,2022.0,7790000.0,2
PORSCHE,911 CARRERA 4 GTS,2021.0,8747500.0,1
PORSCHE,911 CARRERA 4S,2007.0,4904000.0,1
PORSCHE,911 CARRERA 4S,2008.0,6350000.0,2
PORSCHE,911 CARRERA 4S,2009.0,6002250.0,2
PORSCHE,911 CARRERA 4S,2010.0,5904500.0,2
PORSCHE,911 CARRERA 4S,2011.0,5659500.0,1
PORSCHE,911 CARRERA 4S,2012.0,5831500.0,1
PORSCHE,911 CARRERA 4S,2013.0,6215500.0,2
PORSCHE,911 CARRERA 4S,2020.0,7437000.0,2
PORSCHE,911 CARRERA 4S,2021.0,8020250.0,2
PORSCHE,911 CARRERA 4S,2022.0,8831500.0,2
PORSCHE,911 CARRERA GTS,2021.0,8020500.0,1
PORSCHE,911 CARRERA GTS,2022.0,8672500.0,1
PORSCHE,911 CARRERA S,2011.0,5463000.0,1
PORSCHE,911 CARRERA S,2012.0,5679000.0,1
PORSCHE,911 CARRERA S,2014.0,6823250.0,2
PORSCHE,911 CARRERA S,2015.0,7183250.0,2
PORSCHE,911 CARRERA S,2016.0,6237500.0,1
PORSCHE,911 CARRERA S,2017.0,6373500.0,1
PORSCHE,911 CARRERA S,2018.0,6457500.0,1
PORSCHE,911 CARRERA S,2019.0,6565000.0,2
PORSCHE,911 CARRERA S,2020.0,6703000.0,3
PORSCHE,911 CARRERA S,2021.0,7577750.0,2
PORSCHE,911 CARRERA S,2022.0,8280250.0,2
PORSCHE,911 GT3,2007.0,6308500.0,1
PORSCHE,911 GT3,2008.0,5950500.0,1
PORSCHE,911 GT3,2014.0,7423000.0,1
PORSCHE,911 GT3,2015.0,8236500.0,1
PORSCHE,911 GT3,2021.0,11217000.0,2
PORSCHE,911 GT3,2022.0,12002500.0,2
PORSCHE,911 TURBO,2007.0,5895000.0,1
PORSCHE,911 TURBO,2008.0,7545500.0,1
PORSCHE,911 TURBO,2009.0,7676000.0,1
PORSCHE,911 TURBO,2014.0,9745750.0,2
PORSCHE,911 TURBO,2015.0,10406500.0,2
PORSCHE,BOXSTER,2007.0,2141000.0,1
PORSCHE,BOXSTER,2008.0,2690500.0,2
PORSCHE,BOXSTER,2009.0,2459500.0,1
PORSCHE,BOXSTER,2010.0,2215000.0,1
PORSCHE,BOXSTER,2011.0,2360000.0,1
PORSCHE,BOXSTER,2012.0,2431000.0,1
PORSCHE,BOXSTER,2013.0,2592500.0,3
PORSCHE,BOXSTER,2014.0,3228750.0,2
PORSCHE,BOXSTER,2015.0,3453750.0,2
PORSCHE,BOXSTER,2016.0,4348000.0,1
PORSCHE,BOXSTER,2017.0,3650000.0,1
PORSCHE,CAYENNE,2012.0,1311000.0,3
PORSCHE,CAYENNE,2013.0,1242000.0,2
PORSCHE,CAYENNE,2014.0,1512750.0,2
PORSCHE,CAYENNE,2015.0,1930500.0,1
PORSCHE,CAYENNE,2016.0,2597000.0,2
PORSCHE,CAYENNE,2017.0,2823500.0,2
PORSCHE,CAYENNE,2018.0,3288750.0,2
PORSCHE,CAYENNE,2019.0,3134000.0,1
PORSCHE,CAYENNE,2020.0,3848750.0,6
PORSCHE,CAYENNE,2021.0,4404000.0,5
PORSCHE,CAYMAN,2007.0,2455000.0,2
PORSCHE,CAYMAN,2008.0,3295250.0,2
PORSCHE,CAYMAN,2009.0,2184000.0,3
PORSCHE,CAYMAN,2010.0,1935000.0,1
PORSCHE,CAYMAN,2011.0,1962500.0,1
PORSCHE,CAYMAN,2012.0,2149000.0,1
PORSCHE,CAYMAN,2013.0,2633500.0,4
PORSCHE,CAYMAN,2014.0,2590000.0,3
PORSCHE,CAYMAN,2015.0,3574000.0,3
PORSCHE,CAYMAN,2016.0,4252000.0,1
PORSCHE,CAYMAN,2018.0,3690000.0,1
PORSCHE,MACAN,2014.0,3269500.0,3
PORSCHE,MACAN,2015.0,3497000.0,3
PORSCHE,MACAN,2016.0,1819000.0,1
PORSCHE,MACAN,2017.0,1871000.0,1
PORSCHE,MACAN,2018.0,2511500.0,1
PORSCHE,MACAN,2019.0,2361000.0,1
PORSCHE,MACAN,2020.0,2560000.0,1
PORSCHE,MACAN,2021.0,3178500.0,4
PORSCHE,MACAN,2022.0,3662000.0,3
PORSCHE,MACAN,2023.0,3888000.0,1
PORSCHE,PANAMERA,2012.0,3710250.0,6
PORSCHE,PANAMERA,2013.0,2525250.0,2
PORSCHE,PANAMERA,2014.0,2710250.0,2
PORSCHE,PANAMERA,2015.0,2881750.0,2
PORSCHE,PANAMERA,2016.0,2179500.0,1
PORSCHE,PANAMERA,2017.0,3762000.0,1
PORSCHE,PANAMERA,2018.0,4648250.0,2
PORSCHE,PANAMERA,2019.0,3634500.0,1
PORSCHE,PANAMERA,2020.0,3781500.0,1
PORSCHE,PANAMERA,2021.0,4031250.0,2
PORSCHE,PANAMERA,2022.0,4390250.0,4
SEAL,DYNAMIC,2023.0,540000.0,2
SUBARU,B9 TRIBECA,2007.0,691500.0,1
SUBARU,B9 TRIBECA,2008.0,695000.0,1
SUBARU,B9 TRIBECA,2009.0,661500.0,1
SUBARU,BRZ,2015.0,884000.0,2
SUBARU,BRZ,2016.0,922000.0,2
SUBARU,BRZ,2017.0,1012750.0,4
SUBARU,BRZ,2018.0,1087000.0,2
SUBARU,BRZ,2019.0,1162000.0,2
SUBARU,BRZ,2020.0,1240500.0,2
SUBARU,BRZ,2021.0,1356500.0,2
SUBARU,BRZ,2022.0,1765750.0,2
SUBARU,EXIGA,2008.0,568500.0,1
SUBARU,EXIGA,2009.0,532000.0,1
SUBARU,FORESTER,2015.0,327250.0,2
SUBARU,FORESTER,2016.0,342500.0,4
SUBARU,FORESTER,2017.0,322750.0,4
SUBARU,FORESTER,2018.0,414250.0,4
SUBARU,FORESTER,2019.0,434500.0,5
SUBARU,FORESTER,2020.0,558000.0,5
SUBARU,FORESTER,2021.0,599000.0,3
SUBARU,FORESTER,2022.0,680000.0,4
SUBARU,IMPREZA,2014.0,816000.0,4
SUBARU,IMPREZA,2015.0,841000.0,3
SUBARU,IMPREZA,2016.0,933000.0,3
SUBARU,IMPREZA,2017.0,1054000.0,3
SUBARU,IMPREZA,2018.0,1142500.0,3
SUBARU,IMPREZA,2019.0,1254500.0,3
SUBARU,IMPREZA,2020.0,1384500.0,3
SUBARU,IMPREZA,2021.0,1496500.0,3
SUBARU,LEGACY,2008.0,462500.0,5
SUBARU,LEGACY,2009.0,417000.0,5
SUBARU,LEGACY,2010.0,383000.0,2
SUBARU,LEGACY,2011.0,404750.0,2
SUBARU,LEGACY,2012.0,444000.0,3
SUBARU,LEGACY,2013.0,741000.0,1
SUBARU,LEGACY,2014.0,834000.0,1
SUBARU,LEGACY,2015.0,936000.0,1
SUBARU,LEVORG,2015.0,551000.0,1
SUBARU,LEVORG,2016.0,715250.0,2
SUBARU,LEVORG,2017.0,654000.0,1
SUBARU,LEVORG,2018.0,705000.0,1
SUBARU,LEVORG,2019.0,777500.0,1
SUBARU,LEVORG,2020.0,846000.0,1
SUBARU,OUTBACK,2015.0,563500.0,1
SUBARU,OUTBACK,2016.0,580500.0,1
SUBARU,OUTBACK,2017.0,609500.0,1
SUBARU,OUTBACK,2018.0,831250.0,2
SUBARU,OUTBACK,2019.0,1064500.0,1
SUBARU,OUTBACK,2020.0,1115000.0,1
SUBARU,OUTBACK,2021.0,1354000.0,2
SUBARU,R1,2007.0,257500.0,2
SUBARU,R1,2008.0,226500.0,1
SUBARU,R2,2007.0,238000.0,2
SUBARU,R2,2008.0,213000.0,1
SUBARU,XV,2015.0,219000.0,6
SUBARU,XV,2016.0,255500.0,5
SUBARU,XV,2017.0,299500.0,5
SUBARU,XV,2018.0,342250.0,2
SUBARU,XV,2019.0,407500.0,4
SUBARU,XV,2020.0,478250.0,4
SUBARU,XV,2021.0,525500.0,3
SUBARU,XV,2022.0,608500.0,5
SUZUKI,APV,2007.0,123000.0,4
SUZUKI,APV,2008.0,146750.0,4
SUZUKI,APV,2009.0,165000.0,3
SUZUKI,APV,2010.0,173500.0,3
SUZUKI,APV,2011.0,193500.0,1
SUZUKI,APV,2012.0,208000.0,1
SUZUKI,CARRY,2012.0,102000.0,1
SUZUKI,CARRY,2013.0,116000.0,2
SUZUKI,CARRY,2014.0,129500.0,2
SUZUKI,CARRY,2015.0,139250.0,2
SUZUKI,CARRY,2016.0,151250.0,2
SUZUKI,CARRY,2017.0,173000.0,2
SUZUKI,CARRY,2018.0,191500.0,1
SUZUKI,CARRY,2019.0,220750.0,2
SUZUKI,CARRY,2020.0,241500.0,1
SUZUKI,CARRY,2021.0,252000.0,1
SUZUKI,CARRY,2022.0,274000.0,1
SUZUKI,CARRY PICKUP,2013.0,69000.0,1
SUZUKI,CARRY PICKUP,2023.0,259000.0,2
SUZUKI,CELERIO,2014.0,150000.0,5
SUZUKI,CELERIO,2015.0,168000.0,3
SUZUKI,CELERIO,2016.0,176500.0,5
SUZUKI,CELERIO,2017.0,187000.0,5
SUZUKI,CELERIO,2018.0,206500.0,5
SUZUKI,CELERIO,2019.0,197750.0,2
SUZUKI,CELERIO,2020.0,205000.0,4
SUZUKI,CELERIO,2021.0,249000.0,3
SUZUKI,CELERIO,2022.0,269000.0,3
SUZUKI,CIAZ,2015.0,198500.0,5
SUZUKI,CIAZ,2016.0,201000.0,6
SUZUKI,CIAZ,2017.0,228000.0,5
SUZUKI,CIAZ,2018.0,247500.0,5
SUZUKI,CIAZ,2019.0,251500.0,5
SUZUKI,CIAZ,2020.0,290500.0,5
SUZUKI,CIAZ,2021.0,356000.0,5
SUZUKI,CIAZ,2022.0,396500.0,4
SUZUKI,ERTIGA,2013.0,216000.0,3
SUZUKI,ERTIGA,2014.0,222500.0,3
SUZUKI,ERTIGA,2015.0,248500.0,3
SUZUKI,ERTIGA,2016.0,278500.0,5
SUZUKI,ERTIGA,2017.0,314000.0,3
SUZUKI,ERTIGA,2018.0,342000.0,3
SUZUKI,ERTIGA,2019.0,361500.0,5
SUZUKI,ERTIGA,2020.0,426500.0,4
SUZUKI,ERTIGA,2021.0,453250.0,2
SUZUKI,ERTIGA,2022.0,503750.0,2
SUZUKI,JIMNY,2019.0,912250.0,4
SUZUKI,JIMNY,2020.0,987000.0,4
SUZUKI,JIMNY,2021.0,1067500.0,4
SUZUKI,SWIFT,2012.0,177000.0,5
SUZUKI,SWIFT,2013.0,182500.0,5
SUZUKI,SWIFT,2014.0,201000.0,5
SUZUKI,SWIFT,2015.0,226500.0,5
SUZUKI,SWIFT,2016.0,237500.0,5
SUZUKI,SWIFT,2017.0,245000.0,5
SUZUKI,SWIFT,2018.0,277000.0,5
SUZUKI,SWIFT,2019.0,323000.0,5
SUZUKI,SWIFT,2020.0,333000.0,5
SUZUKI,SWIFT,2021.0,351000.0,5
SUZUKI,SWIFT,2022.0,392000.0,4
SUZUKI,SWIFT ECO,2015.0,199000.0,1
SUZUKI,SWIFT ECO,2018.0,299000.0,1
SUZUKI,SWIFT ECO,2019.0,278000.0,1
SUZUKI,SWIFT ECO,2020.0,285000.0,1
SUZUKI,SWIFT ECO,2022.0,345000.0,1
SUZUKI,SX4,2010.0,138000.0,1
SUZUKI,SX4,2011.0,144000.0,1
SUZUKI,SX4,2012.0,173500.0,1
SUZUKI,SX4,2013.0,190500.0,1
SUZUKI,SX4,2014.0,201500.0,1
SUZUKI,VITARA,2010.0,138000.0,1
SUZUKI,VITARA,2011.0,144000.0,1
SUZUKI,VITARA,2012.0,173500.0,1
SUZUKI,VITARA,2013.0,190500.0,1
SUZUKI,VITARA,2014.0,201500.0,1
SUZUKI,XL7,2020.0,499000.0,1
SUZUKI,XL7,2021.0,518500.0,1
SUZUKI,XL7,2022.0,546500.0,3
TESLA,MODEL 3,2022.0,1499000.0,1
TESLA,MODEL Y,2023.0,1489000.0,1
THAI,RUNG ADVENTURE,2001.0,129000.0,1
TOYOTA,86 GT,2012.0,747000.0,6
TOYOTA,86 GT,2013.0,812500.0,3
TOYOTA,86 GT,2014.0,847500.0,3
TOYOTA,86 GT,2015.0,913500.0,3
TOYOTA,86 GT,2016.0,965000.0,3
TOYOTA,ALPHARD,2013.0,657500.0,7
TOYOTA,ALPHARD,2014.0,694000.0,3
TOYOTA,ALPHARD,2015.0,1149500.0,7
TOYOTA,ALPHARD,2016.0,1486750.0,4
TOYOTA,ALPHARD,2017.0,1698000.0,5
TOYOTA,ALPHARD,2018.0,1797000.0,9
TOYOTA,ALPHARD,2019.0,1620000.0,3
TOYOTA,ALPHARD,2020.0,2092750.0,4
TOYOTA,ALPHARD,2021.0,2090000.0,5
TOYOTA,ALPHARD,2022.0,2590000.0,7
TOYOTA,ALPHARD,2023.0,2794000.0,4
TOYOTA,AVANZA,2008.0,1250000.0,1
TOYOTA,AVANZA,2010.0,165000.0,1
TOYOTA,AVANZA,2013.0,158500.0,10
TOYOTA,AVANZA,2014.0,168500.0,5
TOYOTA,AVANZA,2015.0,188000.0,5
TOYOTA,AVANZA,2016.0,215500.0,4
TOYOTA,AVANZA,2017.0,234750.0,4
TOYOTA,AVANZA,2018.0,253000.0,4
TOYOTA,AVANZA,2019.0,292000.0,5
TOYOTA,AVANZA,2020.0,324500.0,2
TOYOTA,AVANZA,2021.0,342750.0,2
TOYOTA,AVANZA,2022.0,363750.0,2
TOYOTA,BB,2006.0,339000.0,1
TOYOTA,C-HR,2022.0,620500.0,2
TOYOTA,CAMRY,2008.0,219000.0,1
TOYOTA,CAMRY,2009.0,1800000.0,1
TOYOTA,CAMRY,2011.0,259000.0,4
TOYOTA,CAMRY,2012.0,418500.0,2
TOYOTA,CAMRY,2013.0,255000.0,12
TOYOTA,CAMRY,2014.0,303250.0,8
TOYOTA,CAMRY,2015.0,377500.0,8
TOYOTA,CAMRY,2016.0,393000.0,8
TOYOTA,CAMRY,2017.0,429250.0,8
TOYOTA,CAMRY,2018.0,496000.0,10
TOYOTA,CAMRY,2019.0,683000.0,14
TOYOTA,CAMRY,2020.0,748000.0,11
TOYOTA,CAMRY,2021.0,730000.0,15
TOYOTA,CAMRY,2022.0,874500.0,10
TOYOTA,CAMRY,2023.0,800000.0,2
TOYOTA,CHR,2018.0,469000.0,1
TOYOTA,CHR,2020.0,659000.0,1
TOYOTA,CHR,2022.0,680000.0,1
TOYOTA,COMMUTER,2004.0,499000.0,1
TOYOTA,COMMUTER,2013.0,378500.0,5
TOYOTA,COMMUTER,2014.0,445500.0,3
TOYOTA,COMMUTER,2015.0,462000.0,2
TOYOTA,COMMUTER,2016.0,505250.0,2
TOYOTA,COMMUTER,2017.0,563000.0,3
TOYOTA,COMMUTER,2018.0,582000.0,7
TOYOTA,COMMUTER,2019.0,711000.0,5
TOYOTA,COMMUTER,2020.0,753000.0,3
TOYOTA,COMMUTER,2021.0,802000.0,2
TOYOTA,COMMUTER,2022.0,855250.0,2
TOYOTA,COMMUTER,2023.0,860000.0,3
TOYOTA,COROLLA,2009.0,139000.0,1
TOYOTA,COROLLA,2010.0,98000.0,1
TOYOTA,COROLLA,2012.0,169500.0,2
TOYOTA,COROLLA,2014.0,319000.0,3
TOYOTA,COROLLA,2015.0,378000.0,1
TOYOTA,COROLLA,2016.0,299000.0,1
TOYOTA,COROLLA,2017.0,289000.0,1
TOYOTA,COROLLA,2018.0,365000.0,1
TOYOTA,COROLLA,2019.0,478500.0,4
TOYOTA,COROLLA,2020.0,485000.0,1
TOYOTA,COROLLA,2021.0,569000.0,2
TOYOTA,COROLLA,2022.0,487000.0,2
TOYOTA,COROLLA ALTIS,2005.0,699990.0,1
TOYOTA,COROLLA ALTIS,2009.0,1480000.0,1
TOYOTA,COROLLA ALTIS,2011.0,1530000.0,2
TOYOTA,COROLLA ALTIS,2012.0,1290000.0,1
TOYOTA,COROLLA ALTIS,2013.0,150000.0,10
TOYOTA,COROLLA ALTIS,2014.0,196500.0,5
TOYOTA,COROLLA ALTIS,2015.0,222500.0,5
TOYOTA,COROLLA ALTIS,2016.0,261500.0,5
TOYOTA,COROLLA ALTIS,2017.0,310000.0,6
TOYOTA,COROLLA ALTIS,2018.0,326000.0,6
TOYOTA,COROLLA ALTIS,2019.0,320500.0,9
TOYOTA,COROLLA ALTIS,2020.0,429000.0,13
TOYOTA,COROLLA ALTIS,2021.0,449500.0,8
TOYOTA,COROLLA ALTIS,2022.0,550500.0,5
TOYOTA,COROLLA CROSS,2020.0,553000.0,10
TOYOTA,COROLLA CROSS,2021.0,707000.0,14
TOYOTA,COROLLA CROSS,2022.0,726250.0,10
TOYOTA,COROLLA CROSS,2023.0,4645000.0,2
TOYOTA,COROLLA CROSS,2024.0,9990000.0,1
TOYOTA,CROWN,2007.0,690500.0,2
TOYOTA,CROWN,2008.0,797000.0,1
TOYOTA,ESTIMA,2008.0,399000.0,1
TOYOTA,FORTUNER,2005.0,248000.0,1
TOYOTA,FORTUNER,2006.0,333000.0,1
TOYOTA,FORTUNER,2008.0,388000.0,1
TOYOTA,FORTUNER,2010.0,379000.0,1
TOYOTA,FORTUNER,2011.0,339000.0,1
TOYOTA,FORTUNER,2013.0,379000.0,12
TOYOTA,FORTUNER,2014.0,393000.0,6
TOYOTA,FORTUNER,2015.0,483500.0,7
TOYOTA,FORTUNER,2016.0,588500.0,8
TOYOTA,FORTUNER,2017.0,741750.0,10
TOYOTA,FORTUNER,2018.0,695750.0,8
TOYOTA,FORTUNER,2019.0,794500.0,14
TOYOTA,FORTUNER,2020.0,859500.0,11
TOYOTA,FORTUNER,2021.0,1086750.0,14
TOYOTA,FORTUNER,2022.0,1145000.0,7
TOYOTA,FORTUNER,2023.0,1424500.0,4
TOYOTA,FORTUNER,2025.0,14590000.0,1
TOYOTA,HARRIER,2011.0,288000.0,1
TOYOTA,HARRIER,2015.0,699000.0,1
TOYOTA,HIACE,2006.0,3590000.0,1
TOYOTA,HIACE,2013.0,278750.0,4
TOYOTA,HIACE,2014.0,294750.0,4
TOYOTA,HIACE,2015.0,343000.0,3
TOYOTA,HIACE,2016.0,4690000.0,3
TOYOTA,HIACE,2017.0,382500.0,1
TOYOTA,HIACE,2018.0,431750.0,2
TOYOTA,HIACE,2019.0,522750.0,4
TOYOTA,HIACE,2020.0,574500.0,2
TOYOTA,HIACE,2021.0,599750.0,2
TOYOTA,HIACE,2022.0,641750.0,2
TOYOTA,HILUX,2020.0,220000.0,1
TOYOTA,HILUX,2021.0,212000.0,1
TOYOTA,HILUX,2022.0,349000.0,2
TOYOTA,HILUX,2023.0,386000.0,2
TOYOTA,HILUX,2024.0,348000.0,2
TOYOTA,HILUX CHAMP,2024.0,499000.0,1
TOYOTA,HILUX REVO,2015.0,264500.0,37
TOYOTA,HILUX REVO,2016.0,272000.0,22
TOYOTA,HILUX REVO,2017.0,291500.0,23
TOYOTA,HILUX REVO,2018.0,340750.0,22
TOYOTA,HILUX REVO,2019.0,336000.0,26
TOYOTA,HILUX REVO,2020.0,368500.0,33
TOYOTA,HILUX REVO,2021.0,404750.0,26
TOYOTA,HILUX REVO,2022.0,535000.0,25
TOYOTA,HILUX REVO,2023.0,330000.0,7
TOYOTA,HILUX REVO,2024.0,390000.0,3
TOYOTA,HILUX REVO,2025.0,549000.0,1
TOYOTA,HILUX TIGER,2002.0,224000.0,2
TOYOTA,HILUX VIGO,2007.0,203250.0,36
TOYOTA,HILUX VIGO,2008.0,195500.0,15
TOYOTA,HILUX VIGO,2009.0,157250.0,20
TOYOTA,HILUX VIGO,2010.0,134000.0,15
TOYOTA,HILUX VIGO,2011.0,151500.0,16
TOYOTA,HILUX VIGO,2012.0,177000.0,19
TOYOTA,HILUX VIGO,2013.0,202500.0,17
TOYOTA,HILUX VIGO,2014.0,217500.0,20
TOYOTA,HILUX VIGO,2015.0,223500.0,14
TOYOTA,INNOVA,2012.0,2425000.0,2
TOYOTA,INNOVA,2013.0,189250.0,6
TOYOTA,INNOVA,2014.0,199500.0,5
TOYOTA,INNOVA,2015.0,230500.0,4
TOYOTA,INNOVA,2016.0,273500.0,5
TOYOTA,INNOVA,2017.0,420000.0,4
TOYOTA,INNOVA,2018.0,439000.0,5
TOYOTA,INNOVA,2019.0,464000.0,3
TOYOTA,INNOVA,2020.0,530000.0,6
TOYOTA,INNOVA,2021.0,579250.0,4
TOYOTA,INNOVA,2022.0,636250.0,4
TOYOTA,INNOVA,2024.0,11290000.0,1
TOYOTA,LAND CRUISER,2004.0,699000.0,1
TOYOTA,LAND CRUISER,2012.0,2450000.0,1
TOYOTA,MAJESTY,2019.0,1069000.0,3
TOYOTA,MAJESTY,2020.0,1280750.0,8
TOYOTA,MAJESTY,2021.0,1133000.0,3
TOYOTA,MAJESTY,2022.0,1247500.0,3
TOYOTA,MAJESTY,2024.0,1869000.0,1
TOYOTA,PRIUS,2010.0,147250.0,2
TOYOTA,PRIUS,2011.0,174000.0,4
TOYOTA,PRIUS,2012.0,185000.0,5
TOYOTA,PRIUS,2013.0,210500.0,5
TOYOTA,PRIUS,2014.0,238000.0,5
TOYOTA,PRIUS,2015.0,267000.0,5
TOYOTA,SIENTA,2004.0,240000.0,1
TOYOTA,SIENTA,2016.0,300000.0,2
TOYOTA,SIENTA,2017.0,390250.0,4
TOYOTA,SIENTA,2018.0,333250.0,2
TOYOTA,SIENTA,2019.0,357500.0,4
TOYOTA,SIENTA,2020.0,426000.0,3
TOYOTA,SIENTA,2021.0,446000.0,3
TOYOTA,SIENTA,2022.0,470750.0,4
TOYOTA,SUPRA,2020.0,2959000.0,1
TOYOTA,SUPRA,2021.0,3104000.0,1
TOYOTA,SUPRA,2022.0,3363000.0,1
TOYOTA,UNKNOWN,2007.0,320000.0,1
TOYOTA,VELLFIRE,2012.0,799000.0,1
TOYOTA,VELLFIRE,2013.0,8900000.0,1
TOYOTA,VELLFIRE,2014.0,849000.0,1
TOYOTA,VELLFIRE,2015.0,1389000.0,4
TOYOTA,VELLFIRE,2016.0,7405500.0,2
TOYOTA,VELLFIRE,2017.0,1416250.0,2
TOYOTA,VELLFIRE,2018.0,1502000.0,5
TOYOTA,VELLFIRE,2019.0,1980000.0,3
TOYOTA,VELLFIRE,2020.0,1995000.0,4
TOYOTA,VELLFIRE,2021.0,1981000.0,1
TOYOTA,VELLFIRE,2022.0,1644000.0,2
TOYOTA,VELOZ,2022.0,480000.0,3
TOYOTA,VELOZ,2023.0,635000.0,1
TOYOTA,VENTURY,2010.0,284250.0,4
TOYOTA,VENTURY,2011.0,304000.0,2
TOYOTA,VENTURY,2012.0,327000.0,2
TOYOTA,VENTURY,2013.0,373500.0,3
TOYOTA,VENTURY,2014.0,396500.0,5
TOYOTA,VENTURY,2015.0,470000.0,4
TOYOTA,VENTURY,2016.0,497000.0,3
TOYOTA,VENTURY,2017.0,564750.0,4
TOYOTA,VENTURY,2018.0,577250.0,6
TOYOTA,VENTURY,2019.0,641000.0,4
TOYOTA,VIOS,2004.0,850000.0,1
TOYOTA,VIOS,2007.0,199000.0,1
TOYOTA,VIOS,2010.0,131500.0,4
TOYOTA,VIOS,2011.0,159000.0,4
TOYOTA,VIOS,2012.0,1550000.0,1
TOYOTA,VIOS,2013.0,136000.0,7
TOYOTA,VIOS,2014.0,179000.0,9
TOYOTA,VIOS,2015.0,199000.0,8
TOYOTA,VIOS,2016.0,212500.0,5
TOYOTA,VIOS,2017.0,243000.0,7
TOYOTA,VIOS,2018.0,267500.0,5
TOYOTA,VIOS,2019.0,302000.0,7
TOYOTA,VIOS,2020.0,289500.0,7
TOYOTA,VIOS,2021.0,295000.0,6
TOYOTA,VIOS,2022.0,362250.0,6
TOYOTA,WISH,2007.0,205000.0,5
TOYOTA,WISH,2008.0,207000.0,5
TOYOTA,WISH,2010.0,213000.0,1
TOYOTA,YARIS,2008.0,990000.0,1
TOYOTA,YARIS,2010.0,41000.0,1
TOYOTA,YARIS,2011.0,149000.0,1
TOYOTA,YARIS,2012.0,188000.0,1
TOYOTA,YARIS,2013.0,139500.0,6
TOYOTA,YARIS,2014.0,169500.0,5
TOYOTA,YARIS,2015.0,177500.0,7
TOYOTA,YARIS,2016.0,196000.0,5
TOYOTA,YARIS,2017.0,209750.0,6
TOYOTA,YARIS,2018.0,256500.0,5
TOYOTA,YARIS,2019.0,262500.0,5
TOYOTA,YARIS,2020.0,309500.0,6
TOYOTA,YARIS,2021.0,340500.0,5
TOYOTA,YARIS,2022.0,380000.0,5
TOYOTA,YARIS,2023.0,272000.0,3
TOYOTA,YARIS ATIV,2017.0,214500.0,7
TOYOTA,YARIS ATIV,2018.0,255500.0,6
TOYOTA,YARIS ATIV,2019.0,274500.0,5
TOYOTA,YARIS ATIV,2020.0,292000.0,7
TOYOTA,YARIS ATIV,2021.0,308000.0,6
TOYOTA,YARIS ATIV,2022.0,396750.0,6
TOYOTA,YARIS ATIV,2023.0,504000.0,4
TOYOTA,YARIS ATIV,2024.0,2314500.0,4
TOYOTA,YARIS CROSS,2025.0,799000.0,1
TOYOTA,YARIS ECO,2014.0,229000.0,1
TOYOTA,YARIS ECO,2016.0,257000.0,2
TOYOTA,YARIS ECO,2017.0,289000.0,1
TOYOTA,YARIS ECO,2018.0,329000.0,1
TOYOTA,YARIS ECO,2019.0,309000.0,1
TOYOTA,YARIS ECO,2020.0,399000.0,2
TOYOTA,YARIS ECO,2021.0,388500.0,2
TOYOTA,YARIS ECO,2022.0,395000.0,3
TOYOTA,YARIS ECO,2023.0,539000.0,1
VOLKSWAGEN,BEETLE,2014.0,899000.0,1
VOLKSWAGEN,CARAVELLE,2006.0,390000.0,1
VOLKSWAGEN,CARAVELLE,2012.0,629000.0,1
VOLKSWAGEN,CARAVELLE,2013.0,399000.0,1
VOLKSWAGEN,CARAVELLE,2014.0,659000.0,2
VOLKSWAGEN,CARAVELLE,2015.0,799000.0,1
VOLKSWAGEN,CARAVELLE,2017.0,1340000.0,2
VOLKSWAGEN,CARAVELLE,2018.0,9900000.0,1
VOLKSWAGEN,NEW BEETLE,2012.0,3500000.0,1
VOLVO,C30,2007.0,336000.0,1
VOLVO,C30,2008.0,309500.0,2
VOLVO,C30,2009.0,293250.0,4
VOLVO,C30,2010.0,251000.0,5
VOLVO,C30,2011.0,305750.0,4
VOLVO,C30,2012.0,338250.0,4
VOLVO,C40 EV,2023.0,1499000.0,1
VOLVO,C70,2007.0,709500.0,3
VOLVO,C70,2008.0,741250.0,2
VOLVO,C70,2009.0,681500.0,1
VOLVO,C70,2010.0,514000.0,1
VOLVO,EX30,2007.0,709500.0,3
VOLVO,EX30,2008.0,741250.0,2
VOLVO,EX30,2009.0,681500.0,1
VOLVO,EX30,2010.0,514000.0,1
VOLVO,S40,2009.0,171000.0,1
VOLVO,S40,2010.0,165500.0,1
VOLVO,S40,2011.0,191500.0,1
VOLVO,S40,2012.0,210500.0,1
VOLVO,S60,2012.0,231500.0,3
VOLVO,S60,2013.0,250000.0,4
VOLVO,S60,2014.0,312500.0,4
VOLVO,S60,2015.0,352250.0,4
VOLVO,S60,2016.0,391250.0,4
VOLVO,S60,2017.0,557000.0,3
VOLVO,S60,2018.0,610250.0,2
VOLVO,S60,2019.0,688000.0,1
VOLVO,S60,2020.0,980500.0,4
VOLVO,S60,2021.0,1046500.0,2
VOLVO,S60,2022.0,1186750.0,4
VOLVO,S80,2007.0,208500.0,5
VOLVO,S80,2008.0,255500.0,5
VOLVO,S80,2009.0,234000.0,3
VOLVO,S80,2010.0,232500.0,4
VOLVO,S80,2011.0,276750.0,4
VOLVO,S80,2012.0,356000.0,5
VOLVO,S80,2013.0,420250.0,6
VOLVO,S80,2014.0,458000.0,5
VOLVO,S80,2015.0,498500.0,4
VOLVO,S80,2016.0,527000.0,3
VOLVO,S90,2016.0,773500.0,1
VOLVO,S90,2017.0,783000.0,4
VOLVO,S90,2018.0,842500.0,5
VOLVO,S90,2019.0,865500.0,4
VOLVO,S90,2020.0,913000.0,4
VOLVO,S90,2021.0,1114000.0,1
VOLVO,S90,2022.0,1327000.0,1
VOLVO,V40,2013.0,262500.0,3
VOLVO,V40,2014.0,267500.0,3
VOLVO,V40,2015.0,310750.0,4
VOLVO,V40,2016.0,348500.0,5
VOLVO,V40,2017.0,429500.0,2
VOLVO,V40,2018.0,468000.0,2
VOLVO,V40,2019.0,547500.0,1
VOLVO,V50,2009.0,138500.0,2
VOLVO,V50,2010.0,133500.0,1
VOLVO,V50,2011.0,154000.0,1
VOLVO,V50,2012.0,168000.0,1
VOLVO,V50,2013.0,178000.0,1
VOLVO,V60,2012.0,198500.0,1
VOLVO,V60,2013.0,225750.0,2
VOLVO,V60,2014.0,285250.0,2
VOLVO,V60,2015.0,328500.0,3
VOLVO,V60,2016.0,470750.0,4
VOLVO,V60,2017.0,606000.0,3
VOLVO,V60,2018.0,663000.0,3
VOLVO,V60,2019.0,791500.0,4
VOLVO,V60,2020.0,952500.0,5
VOLVO,V60,2021.0,1049000.0,3
VOLVO,V60,2022.0,1121500.0,5
VOLVO,V70,2007.0,301500.0,3
VOLVO,V70,2008.0,324500.0,3
VOLVO,V70,2009.0,339000.0,1
VOLVO,V90,2017.0,1191500.0,1
VOLVO,V90,2018.0,1340500.0,1
VOLVO,V90,2019.0,1421000.0,1
VOLVO,XC40,2019.0,680500.0,4
VOLVO,XC40,2020.0,767000.0,5
VOLVO,XC40,2021.0,974500.0,4
VOLVO,XC40,2022.0,1065000.0,5
VOLVO,XC40 EV,2022.0,1250000.0,1
VOLVO,XC60,2012.0,253500.0,2
VOLVO,XC60,2013.0,280000.0,3
VOLVO,XC60,2014.0,315500.0,3
VOLVO,XC60,2015.0,370750.0,2
VOLVO,XC60,2016.0,403500.0,2
VOLVO,XC60,2017.0,501500.0,5
VOLVO,XC60,2018.0,775750.0,4
VOLVO,XC60,2019.0,837500.0,5
VOLVO,XC60,2020.0,1064000.0,5
VOLVO,XC60,2021.0,1305000.0,5
VOLVO,XC60,2022.0,1579000.0,5
VOLVO,XC90,2010.0,499000.0,1
VOLVO,XC90,2012.0,311500.0,1
VOLVO,XC90,2013.0,407250.0,2
VOLVO,XC90,2014.0,502000.0,1
VOLVO,XC90,2015.0,549500.0,1
VOLVO,XC90,2016.0,912750.0,4
VOLVO,XC90,2017.0,994500.0,5
VOLVO,XC90,2018.0,1041000.0,6
VOLVO,XC90,2019.0,1166500.0,5
VOLVO,XC90,2020.0,1445000.0,7
VOLVO,XC90,2021.0,1860000.0,3
VOLVO,XC90,2022.0,2209500.0,3
นิสสัน,KICKS,2022.0,410000.0,1
นิสสัน,NAVARA,2014.0,69000.0,1
นิสสัน,NAVARA,2020.0,174000.0,1
มิตซูบิชิ,SPACE,2010.0,50000.0,1
มิตซูบิชิ,TRITON,2015.0,142000.0,1
มิตซูบิชิ,TRITON,2022.0,274000.0,2
มิตซูบิชิ,TRITON,2023.0,474000.0,1
มิตซูบิชิ,TRITON,2024.0,332000.0,1
มิตซูบิชิ,XPANDER,2022.0,500000.0,1
มิตซูบิชิ,XPANDER,2024.0,538000.0,5
อีซูซุ,D-MAX,2015.0,184000.0,1
อีซูซุ,D-MAX,2018.0,104000.0,1
อีซูซุ,D-MAX,2020.0,144000.0,3
อีซูซุ,D-MAX,2021.0,290000.0,1
อีซูซุ,D-MAX,2022.0,260000.0,1
อีซูซุ,D-MAX,2023.0,382000.0,3
อีซูซุ,D-MAX,2024.0,478000.0,1
อีซูซุ,D-MAX,2025.0,422000.0,1
อีซูซุ,MU-X,2023.0,790000.0,1
ฮอนด้า,CITY,2020.0,190000.0,1
ฮอนด้า,CR-V,2014.0,150000.0,1
ฮอนด้า,JAZZ,2012.0,71000.0,1
ฮุนได,H,2019.0,518000.0,2
โตโยต้า,ALPHARD,2021.0,1100000.0,1
โตโยต้า,CAMRY,2021.0,641000.0,1
โตโยต้า,CAMRY,2022.0,554000.0,1
โตโยต้า,CAMRY,2023.0,750000.0,1
โตโยต้า,COMMUTER,2013.0,292000.0,1
โตโยต้า,COROLLA,2022.0,487000.0,2
โตโยต้า,FORTUNER,2018.0,600000.0,1
โตโยต้า,FORTUNER,2019.0,702000.0,1
โตโยต้า,FORTUNER,2021.0,764000.0,1
โตโยต้า,FORTUNER,2022.0,822000.0,1
โตโยต้า,HILUX,2020.0,220000.0,1
โตโยต้า,HILUX,2021.0,212000.0,1
โตโยต้า,HILUX,2022.0,349000.0,2
โตโยต้า,HILUX,2023.0,386000.0,2
โตโยต้า,HILUX,2024.0,348000.0,2
โตโยต้า,VELLFIRE,2022.0,1200000.0,1
โตโยต้า,VIOS,2011.0,17000.0,1
โตโยต้า,VIOS,2020.0,292000.0,1
โตโยต้า,VIOS,2022.0,278000.0,1
โตโยต้า,YARIS,2020.0,278000.0,1
โตโยต้า,YARIS,2022.0,274000.0,1
โตโยต้า,YARIS,2023.0,260000.0,2
